Timestamp,User Count,Type,Name,Requests/s,Failures/s,50%,66%,75%,80%,90%,95%,98%,99%,99.9%,99.99%,100%,Total Request Count,Total Failure Count,Total Median Response Time,Total Average Response Time,Total Min Response Time,Total Max Response Time,Total Average Content Size
1760583420,0,,Aggregated,0.000000,0.000000,N/A,N/A,N/A,N/A,N/A,N/A,N/A,N/A,N/A,N/A,N/A,0,0,0,0.0,0,0,0
1760583421,5,POST,/auth/login,0.000000,0.000000,0,0,0,0,0,0,0,0,0,0,0,5,0,420.0,417.3633399994287,414.66099999888684,422.4762000012561,1312.0
1760583421,5,GET,/search?q=incidente,0.000000,0.000000,0,0,0,0,0,0,0,0,0,0,0,4,0,26,26.39770000041608,23.34809999956633,29.24419999908423,24.0
1760583421,5,GET,/search?q=runbook,0.000000,0.000000,0,0,0,0,0,0,0,0,0,0,0,5,0,32,30.510499999218155,25.937300000805408,32.87110000019311,24.0
1760583421,5,,Aggregated,0.000000,0.000000,0,0,0,0,0,0,0,0,0,0,0,14,0,32,167.49714285677848,23.34809999956633,422.4762000012561,484.0
1760583422,10,POST,/auth/login,0.000000,0.000000,500,510,510,510,510,510,510,510,510,510,510,10,0,420.0,459.7417300003144,414.66099999888684,505.34000000334345,1312.0
1760583422,10,GET,/search?q=incidente,0.000000,0.000000,74,74,75,75,75,75,75,75,75,75,75,7,0,29,44.98838571401263,23.34809999956633,74.60959999662009,24.0
1760583422,10,GET,/search?q=runbook,0.000000,0.000000,81,81,81,86,86,86,86,86,86,86,86,10,0,33,54.53799999959301,25.937300000805408,86.031599999842,24.0
1760583422,10,,Aggregated,0.000000,0.000000,81,500,500,500,510,510,510,510,510,510,510,27,0,75,202.13762962952455,23.34809999956633,505.34000000334345,501.037037037037
1760583423,15,POST,/auth/login,0.000000,0.000000,500,500,500,510,510,510,510,510,510,510,510,15,0,420.0,445.501399999921,414.66099999888684,505.34000000334345,1312.0
1760583423,15,GET,/search?q=incidente,0.000000,0.000000,24,61,74,74,75,75,75,75,75,75,75,12,0,24,33.7436333329606,12.098399998649256,74.60959999662009,24.0
1760583423,15,GET,/search?q=runbook,0.000000,0.000000,70,75,81,81,86,86,86,86,86,86,86,15,0,32,45.75211999981548,25.937300000805408,86.031599999842,24.0
1760583423,15,,Aggregated,0.000000,0.000000,75,410,420,420,500,510,510,510,510,510,510,42,0,70,185.0887238093232,12.098399998649256,505.34000000334345,484.0
1760583424,20,POST,/auth/login,5.000000,0.000000,460,470,500,500,510,510,510,510,510,510,510,20,0,420.0,449.97293500018714,414.66099999888684,505.34000000334345,1312.0
1760583424,20,GET,/search?q=incidente,4.000000,0.000000,29,30,33,61,74,75,75,75,75,75,75,18,0,26,30.539238888700815,10.530700001254445,74.60959999662009,24.0
1760583424,20,GET,/search?q=runbook,5.000000,0.000000,38,39,75,81,81,86,86,86,86,86,86,20,0,33,43.572089999724994,25.937300000805408,86.031599999842,24.0
1760583424,20,,Aggregated,14.000000,0.000000,70,410,420,460,500,500,510,510,510,510,510,58,0,38,179.66563448266996,10.530700001254445,505.34000000334345,468.13793103448273
1760583425,20,POST,/auth/login,5.000000,0.000000,460,470,500,500,510,510,510,510,510,510,510,20,0,420.0,449.97293500018714,414.66099999888684,505.34000000334345,1312.0
1760583425,20,GET,/search?q=incidente,3.500000,0.000000,29,33,59,60,74,75,75,75,75,75,75,24,0,28,32.452020833109906,10.530700001254445,74.60959999662009,24.0
1760583425,20,GET,/search?q=runbook,5.000000,0.000000,38,39,75,81,81,86,86,86,86,86,86,20,0,33,43.572089999724994,25.937300000805408,86.031599999842,24.0
1760583425,20,,Aggregated,13.500000,0.000000,59,81,420,460,500,500,510,510,510,510,510,64,0,38,166.40232812488875,10.530700001254445,505.34000000334345,426.5
1760583426,20,POST,/auth/login,5.000000,0.000000,460,470,500,500,510,510,510,510,510,510,510,20,0,420.0,449.97293500018714,414.66099999888684,505.34000000334345,1312.0
1760583426,20,GET,/search?q=incidente,4.000000,0.000000,19,29,30,42,61,74,75,75,75,75,75,33,0,23,27.313542424081156,10.530700001254445,74.60959999662009,24.0
1760583426,20,GET,/search?q=runbook,5.000000,0.000000,38,39,75,81,81,86,86,86,86,86,86,20,0,33,43.572089999724994,25.937300000805408,86.031599999842,24.0
1760583426,20,,Aggregated,14.000000,0.000000,37,74,410,420,470,500,510,510,510,510,510,73,0,33,147.56503287661536,10.530700001254445,505.34000000334345,376.8767123287671
1760583427,20,POST,/auth/login,4.000000,0.000000,460,470,500,500,510,510,510,510,510,510,510,20,0,420.0,449.97293500018714,414.66099999888684,505.34000000334345,1312.0
1760583427,20,GET,/search?q=incidente,4.800000,0.000000,18,28,30,33,60,74,75,75,75,75,75,38,0,19,25.921626315577765,10.530700001254445,74.60959999662009,24.0
1760583427,20,GET,/search?q=runbook,4.000000,0.000000,38,39,75,81,81,86,86,86,86,86,86,20,0,33,43.572089999724994,25.937300000805408,86.031599999842,24.0
1760583427,20,,Aggregated,12.800000,0.000000,33,70,86,420,460,500,510,510,510,510,510,78,0,32,139.17849102551534,10.530700001254445,505.34000000334345,354.2564102564103
1760583428,20,POST,/auth/login,3.333333,0.000000,460,470,500,500,510,510,510,510,510,510,510,20,0,420.0,449.97293500018714,414.66099999888684,505.34000000334345,1312.0
1760583428,20,GET,/search?q=incidente,5.500000,0.000000,15,24,29,30,60,74,75,75,75,75,75,44,0,16,23.90293409073572,10.530700001254445,74.60959999662009,24.0
1760583428,20,GET,/search?q=runbook,3.333333,0.000000,38,39,75,81,81,86,86,86,86,86,86,20,0,33,43.572089999724994,25.937300000805408,86.031599999842,24.0
1760583428,20,,Aggregated,12.166667,0.000000,30,60,81,420,460,500,510,510,510,510,510,84,0,30,130.03130476179302,10.530700001254445,505.34000000334345,330.6666666666667
1760583429,20,POST,/auth/login,3.333333,0.000000,460,470,500,500,510,510,510,510,510,510,510,20,0,420.0,449.97293500018714,414.66099999888684,505.34000000334345,1312.0
1760583429,20,GET,/search?q=incidente,5.500000,0.000000,15,24,28,30,59,61,75,75,75,75,75,49,0,17,23.4618877548943,10.499399999389425,74.60959999662009,24.0
1760583429,20,GET,/search?q=runbook,3.333333,0.000000,38,39,75,81,81,86,86,86,86,86,86,20,0,33,43.572089999724994,25.937300000805408,86.031599999842,24.0
1760583429,20,,Aggregated,12.166667,0.000000,29,42,75,410,460,500,510,510,510,510,510,89,0,29,123.82621348301194,10.499399999389425,505.34000000334345,313.438202247191
1760583430,20,POST,/auth/login,2.500000,0.000000,460,470,500,500,510,510,510,510,510,510,510,20,0,420.0,449.97293500018714,414.66099999888684,505.34000000334345,1312.0
1760583430,20,GET,/search?q=incidente,5.375000,0.000000,17,26,29,30,59,61,75,75,75,75,75,54,0,18,23.87565370352402,10.499399999389425,74.60959999662009,24.0
1760583430,20,GET,/search?q=runbook,2.500000,0.000000,38,39,75,81,81,86,86,86,86,86,86,20,0,33,43.572089999724994,25.937300000805408,86.031599999842,24.0
1760583430,20,,Aggregated,10.375000,0.000000,29,39,75,86,460,500,510,510,510,510,510,94,0,29,118.72538085094192,10.499399999389425,505.34000000334345,298.0425531914894
1760583431,20,POST,/auth/login,2.500000,0.000000,460,460,460,460,470,470,470,470,470,470,470,20,0,420.0,449.97293500018714,414.66099999888684,505.34000000334345,1312.0
1760583431,20,GET,/search?q=incidente,5.375000,0.000000,17,26,29,30,48,49,60,60,60,60,60,57,0,22,24.837145613817388,10.499399999389425,74.60959999662009,24.0
1760583431,20,GET,/search?q=runbook,2.500000,0.000000,33,37,38,38,39,39,39,39,39,39,39,20,0,33,43.572089999724994,25.937300000805408,86.031599999842,24.0
1760583431,20,,Aggregated,10.375000,0.000000,27,30,38,49,420,460,460,470,470,470,470,97,0,29,116.35688453593643,10.499399999389425,505.34000000334345,289.5670103092784
1760583432,20,POST,/auth/login,2.222222,0.000000,460,460,460,470,470,470,470,470,470,470,470,20,0,420.0,449.97293500018714,414.66099999888684,505.34000000334345,1312.0
1760583432,20,GET,/search?q=incidente,5.444444,0.000000,18,29,30,32,48,50,59,60,60,60,60,64,0,22,25.432423437223406,10.499399999389425,74.60959999662009,24.0
1760583432,20,GET,/search?q=runbook,2.222222,0.000000,38,38,38,39,39,39,39,39,39,39,39,20,0,33,43.572089999724994,25.937300000805408,86.031599999842,24.0
1760583432,20,,Aggregated,9.888889,0.000000,27,32,38,39,59,460,460,470,470,470,470,104,0,29,110.56322692288981,10.499399999389425,505.34000000334345,271.6923076923077
1760583433,20,POST,/auth/login,1.500000,0.000000,460,460,460,470,470,470,470,470,470,470,470,20,0,420.0,449.97293500018714,414.66099999888684,505.34000000334345,1312.0
1760583433,20,GET,/search?q=incidente,5.300000,0.000000,18,29,32,38,49,50,60,60,60,60,60,68,0,22,26.008432352629075,10.499399999389425,74.60959999662009,24.0
1760583433,20,GET,/search?q=runbook,1.500000,0.000000,38,38,38,39,39,39,39,39,39,39,39,20,0,33,43.572089999724994,25.937300000805408,86.031599999842,24.0
1760583433,20,,Aggregated,8.300000,0.000000,18,29,32,38,49,50,60,60,60,60,60,108,0,29,107.7729064812687,10.499399999389425,505.34000000334345,262.51851851851853
1760583434,20,POST,/auth/login,1.500000,0.000000,460,460,460,470,470,470,470,470,470,470,470,20,0,420.0,449.97293500018714,414.66099999888684,505.34000000334345,1312.0
1760583434,20,GET,/search?q=incidente,5.300000,0.000000,16,26,29,32,48,49,50,50,50,50,50,70,0,22,25.61020999970164,10.499399999389425,74.60959999662009,24.0
1760583434,20,GET,/search?q=runbook,1.500000,0.000000,38,38,38,39,39,39,39,39,39,39,39,20,0,33,43.572089999724994,25.937300000805408,86.031599999842,24.0
1760583434,20,,Aggregated,8.300000,0.000000,16,26,29,32,48,49,50,50,50,50,50,110,0,29,106.03286545433961,10.499399999389425,505.34000000334345,258.1818181818182
1760583435,20,POST,/auth/login,0.500000,0.000000,460,460,460,470,470,470,470,470,470,470,470,20,0,420.0,449.97293500018714,414.66099999888684,505.34000000334345,1312.0
1760583435,20,GET,/search?q=incidente,5.400000,0.000000,19,29,32,34,48,49,50,50,50,50,50,78,0,22,25.246824358710466,10.499399999389425,74.60959999662009,24.0
1760583435,20,GET,/search?q=runbook,0.500000,0.000000,38,38,38,39,39,39,39,39,39,39,39,20,0,33,43.572089999724994,25.937300000805408,86.031599999842,24.0
1760583435,20,,Aggregated,6.400000,0.000000,19,29,32,34,48,49,50,50,50,50,50,118,0,29,100.34027796591236,10.499399999389425,505.34000000334345,242.3050847457627
1760583436,20,POST,/auth/login,0.500000,0.000000,460,460,460,470,470,470,470,470,470,470,470,20,0,420.0,449.97293500018714,414.66099999888684,505.34000000334345,1312.0
1760583436,20,GET,/search?q=incidente,5.400000,0.000000,22,29,33,34,48,49,50,50,50,50,50,78,0,22,25.246824358710466,10.499399999389425,74.60959999662009,24.0
1760583436,20,GET,/search?q=runbook,0.500000,0.000000,38,38,38,39,39,39,39,39,39,39,39,20,0,33,43.572089999724994,25.937300000805408,86.031599999842,24.0
1760583436,20,,Aggregated,6.400000,0.000000,22,29,33,34,48,49,50,50,50,50,50,118,0,29,100.34027796591236,10.499399999389425,505.34000000334345,242.3050847457627
1760583437,20,POST,/auth/login,0.000000,0.000000,460,460,460,470,470,470,470,470,470,470,470,20,0,420.0,449.97293500018714,414.66099999888684,505.34000000334345,1312.0
1760583437,20,GET,/search?q=incidente,5.200000,0.000000,29,34,45,49,230,460,750,750,750,750,750,88,0,24,51.43566477256007,10.499399999389425,745.9263999990071,24.0
1760583437,20,GET,/search?q=runbook,0.000000,0.000000,38,38,38,39,39,39,39,39,39,39,39,20,0,33,43.572089999724994,25.937300000805408,86.031599999842,24.0
1760583437,20,,Aggregated,5.200000,0.000000,29,34,45,49,230,460,750,750,750,750,750,128,0,29,112.47842968737132,10.499399999389425,745.9263999990071,225.25
1760583438,20,POST,/auth/login,0.000000,0.000000,460,460,460,470,470,470,470,470,470,470,470,20,0,420.0,449.97293500018714,414.66099999888684,505.34000000334345,1312.0
1760583438,20,GET,/search?q=incidente,4.500000,0.000000,32,34,48,49,230,460,750,750,750,750,750,91,0,23,50.12395934050341,10.499399999389425,745.9263999990071,24.0
1760583438,20,GET,/search?q=runbook,0.000000,0.000000,38,38,38,39,39,39,39,39,39,39,39,20,0,33,43.572089999724994,25.937300000805408,86.031599999842,24.0
1760583438,20,,Aggregated,4.500000,0.000000,32,34,48,49,230,460,750,750,750,750,750,131,0,29,110.16931908384774,10.499399999389425,745.9263999990071,220.6412213740458
1760583439,20,POST,/auth/login,0.000000,0.000000,460,460,460,470,470,470,470,470,470,470,470,20,0,420.0,449.97293500018714,414.66099999888684,505.34000000334345,1312.0
1760583439,20,GET,/search?q=incidente,5.000000,0.000000,29,34,45,49,230,460,750,750,750,750,750,95,0,23,49.09695263141705,10.499399999389425,745.9263999990071,24.0
1760583439,20,GET,/search?q=runbook,0.000000,0.000000,38,38,38,39,39,39,39,39,39,39,39,20,0,33,43.572089999724994,25.937300000805408,86.031599999842,24.0
1760583439,20,,Aggregated,5.000000,0.000000,29,34,45,49,230,460,750,750,750,750,750,135,0,29,107.66748888876194,10.499399999389425,745.9263999990071,214.8148148148148
1760583440,20,POST,/auth/login,0.000000,0.000000,460,460,460,470,470,470,470,470,470,470,470,20,0,420.0,449.97293500018714,414.66099999888684,505.34000000334345,1312.0
1760583440,20,GET,/search?q=incidente,5.000000,0.000000,29,34,45,57,230,460,750,750,750,750,750,102,0,23,48.21924705873814,10.499399999389425,745.9263999990071,24.0
1760583440,20,GET,/search?q=runbook,0.000000,0.000000,38,38,38,39,39,39,39,39,39,39,39,20,0,33,43.572089999724994,25.937300000805408,86.031599999842,24.0
1760583440,20,,Aggregated,5.000000,0.000000,29,34,45,57,230,460,750,750,750,750,750,142,0,29,104.14974436612347,10.499399999389425,745.9263999990071,205.40845070422534
1760583441,20,POST,/auth/login,0.000000,0.000000,0,0,0,0,0,0,0,0,0,0,0,20,0,420.0,449.97293500018714,414.66099999888684,505.34000000334345,1312.0
1760583441,20,GET,/search?q=incidente,4.400000,0.000000,21,33,45,57,230,460,750,750,750,750,750,107,0,22,46.57927943916097,10.499399999389425,745.9263999990071,24.0
1760583441,20,GET,/search?q=runbook,0.000000,0.000000,0,0,0,0,0,0,0,0,0,0,0,20,0,33,43.572089999724994,25.937300000805408,86.031599999842,24.0
1760583441,20,,Aggregated,4.400000,0.000000,21,33,45,57,230,460,750,750,750,750,750,147,0,29,101.05362857135012,10.499399999389425,745.9263999990071,199.23809523809524
1760583442,20,POST,/auth/login,0.000000,0.000000,0,0,0,0,0,0,0,0,0,0,0,20,0,420.0,449.97293500018714,414.66099999888684,505.34000000334345,1312.0
1760583442,20,GET,/search?q=incidente,4.400000,0.000000,21,32,38,57,230,460,750,750,750,750,750,111,0,22,45.94578648637351,10.499399999389425,745.9263999990071,24.0
1760583442,20,GET,/search?q=runbook,0.000000,0.000000,0,0,0,0,0,0,0,0,0,0,0,20,0,33,43.572089999724994,25.937300000805408,86.031599999842,24.0
1760583442,20,,Aggregated,4.400000,0.000000,21,32,38,57,230,460,750,750,750,750,750,151,0,29,99.14491920520332,10.499399999389425,745.9263999990071,194.59602649006624
1760583443,20,POST,/auth/login,0.000000,0.000000,0,0,0,0,0,0,0,0,0,0,0,20,0,420.0,449.97293500018714,414.66099999888684,505.34000000334345,1312.0
1760583443,20,GET,/search?q=incidente,4.900000,0.000000,26,35,57,69,460,740,810,810,810,810,810,117,0,24,60.32505384602203,10.499399999389425,813.270200000261,24.0
1760583443,20,GET,/search?q=runbook,0.000000,0.000000,0,0,0,0,0,0,0,0,0,0,0,20,0,33,43.572089999724994,25.937300000805408,86.031599999842,24.0
1760583443,20,,Aggregated,4.900000,0.000000,26,35,57,69,460,740,810,810,810,810,810,157,0,29,107.82759108269312,10.499399999389425,813.270200000261,188.0764331210191
1760583444,20,POST,/auth/login,0.000000,0.000000,0,0,0,0,0,0,0,0,0,0,0,20,0,420.0,449.97293500018714,414.66099999888684,505.34000000334345,1312.0
1760583444,20,GET,/search?q=incidente,4.700000,0.000000,24,35,57,69,460,740,810,810,810,810,810,123,0,23,58.0716024389137,10.499399999389425,813.270200000261,24.0
1760583444,20,GET,/search?q=runbook,0.000000,0.000000,0,0,0,0,0,0,0,0,0,0,0,20,0,33,43.572089999724994,25.937300000805408,86.031599999842,24.0
1760583444,20,,Aggregated,4.700000,0.000000,24,35,57,69,460,740,810,810,810,810,810,163,0,29,104.37857423303453,10.499399999389425,813.270200000261,182.03680981595093
1760583445,20,POST,/auth/login,0.000000,0.000000,0,0,0,0,0,0,0,0,0,0,0,20,0,420.0,449.97293500018714,414.66099999888684,505.34000000334345,1312.0
1760583445,20,GET,/search?q=incidente,4.900000,0.000000,24,35,47,68,390,740,750,810,810,810,810,129,0,24,56.75943255804203,10.499399999389425,813.270200000261,24.0
1760583445,20,GET,/search?q=runbook,0.000000,0.000000,0,0,0,0,0,0,0,0,0,0,0,20,0,33,43.572089999724994,25.937300000805408,86.031599999842,24.0
1760583445,20,,Aggregated,4.900000,0.000000,24,35,47,68,390,740,750,810,810,810,810,169,0,29,101.73294260346547,10.499399999389425,813.270200000261,176.42603550295857
1760583446,20,POST,/auth/login,0.000000,0.000000,0,0,0,0,0,0,0,0,0,0,0,20,0,420.0,449.97293500018714,414.66099999888684,505.34000000334345,1312.0
1760583446,20,GET,/search?q=incidente,5.200000,0.000000,24,31,38,40,69,310,810,810,810,810,810,134,0,24,56.1924992536606,10.499399999389425,813.270200000261,24.0
1760583446,20,GET,/search?q=runbook,0.000000,0.000000,0,0,0,0,0,0,0,0,0,0,0,20,0,33,43.572089999724994,25.937300000805408,86.031599999842,24.0
1760583446,20,,Aggregated,5.200000,0.000000,24,31,38,40,69,310,810,810,810,810,810,174,0,29,100.00399655165955,10.499399999389425,813.270200000261,172.04597701149424
1760583447,20,POST,/auth/login,0.000000,0.000000,0,0,0,0,0,0,0,0,0,0,0,20,0,420.0,449.97293500018714,414.66099999888684,505.34000000334345,1312.0
1760583447,20,GET,/search?q=incidente,5.100000,0.000000,24,30,38,40,69,310,810,810,810,810,810,136,0,23,55.539956617555134,10.499399999389425,813.270200000261,24.0
1760583447,20,GET,/search?q=runbook,0.000000,0.000000,0,0,0,0,0,0,0,0,0,0,0,20,0,33,43.572089999724994,25.937300000805408,86.031599999842,24.0
1760583447,20,,Aggregated,5.100000,0.000000,24,30,38,40,69,310,810,810,810,810,810,176,0,29,99.00190113628263,10.499399999389425,813.270200000261,170.36363636363637
1760583448,20,POST,/auth/login,0.000000,0.000000,0,0,0,0,0,0,0,0,0,0,0,20,0,420.0,449.97293500018714,414.66099999888684,505.34000000334345,1312.0
1760583448,20,GET,/search?q=incidente,5.100000,0.000000,24,30,35,47,69,310,810,810,810,810,810,138,0,24,55.0917289854334,10.499399999389425,813.270200000261,24.0
1760583448,20,GET,/search?q=runbook,0.000000,0.000000,0,0,0,0,0,0,0,0,0,0,0,20,0,33,43.572089999724994,25.937300000805408,86.031599999842,24.0
1760583448,20,,Aggregated,5.100000,0.000000,24,30,35,47,69,310,810,810,810,810,810,178,0,28,98.16606235948343,10.499399999389425,813.270200000261,168.7191011235955
1760583449,20,POST,/auth/login,0.000000,0.000000,0,0,0,0,0,0,0,0,0,0,0,20,0,420.0,449.97293500018714,414.66099999888684,505.34000000334345,1312.0
1760583449,20,GET,/search?q=incidente,5.500000,0.000000,24,31,40,47,740,790,990,990,990,990,990,148,0,24,73.70270337830604,10.499399999389425,989.287599997624,24.0
1760583449,20,GET,/search?q=runbook,0.000000,0.000000,0,0,0,0,0,0,0,0,0,0,0,20,0,33,43.572089999724994,25.937300000805408,86.031599999842,24.0
1760583449,20,,Aggregated,5.500000,0.000000,24,31,40,47,740,790,990,990,990,990,990,188,0,28,110.52606702121031,10.499399999389425,989.287599997624,161.0212765957447
1760583450,20,POST,/auth/login,0.000000,0.000000,0,0,0,0,0,0,0,0,0,0,0,20,0,420.0,449.97293500018714,414.66099999888684,505.34000000334345,1312.0
1760583450,20,GET,/search?q=incidente,4.800000,0.000000,26,39,47,230,740,810,990,990,990,990,990,152,0,24,81.74519078939787,10.499399999389425,989.287599997624,24.0
1760583450,20,GET,/search?q=runbook,0.000000,0.000000,0,0,0,0,0,0,0,0,0,0,0,20,0,33,43.572089999724994,25.937300000805408,86.031599999842,24.0
1760583450,20,,Aggregated,4.800000,0.000000,26,39,47,230,740,810,990,990,990,990,990,192,0,29,116.12588281243082,10.499399999389425,989.287599997624,158.16666666666666
1760583451,20,POST,/auth/login,0.000000,0.000000,0,0,0,0,0,0,0,0,0,0,0,20,0,420.0,449.97293500018714,414.66099999888684,505.34000000334345,1312.0
1760583451,20,GET,/search?q=incidente,5.500000,0.000000,24,35,47,230,740,810,990,990,990,990,990,157,0,24,79.53157579609909,10.499399999389425,989.287599997624,24.0
1760583451,20,GET,/search?q=runbook,0.000000,0.000000,0,0,0,0,0,0,0,0,0,0,0,20,0,33,43.572089999724994,25.937300000805408,86.031599999842,24.0
1760583451,20,,Aggregated,5.500000,0.000000,24,35,47,230,740,810,990,990,990,990,990,197,0,28,113.489126395867,10.499399999389425,989.287599997624,154.76142131979697
1760583452,20,POST,/auth/login,0.000000,0.000000,0,0,0,0,0,0,0,0,0,0,0,20,0,420.0,449.97293500018714,414.66099999888684,505.34000000334345,1312.0
1760583452,20,GET,/search?q=incidente,5.000000,0.000000,24,30,42,47,660,790,990,990,990,990,990,163,0,23,78.49795950913321,10.499399999389425,989.287599997624,24.0
1760583452,20,GET,/search?q=runbook,0.000000,0.000000,0,0,0,0,0,0,0,0,0,0,0,20,0,33,43.572089999724994,25.937300000805408,86.031599999842,24.0
1760583452,20,,Aggregated,5.000000,0.000000,24,30,42,47,660,790,990,990,990,990,990,203,0,28,111.65550689648747,10.499399999389425,989.287599997624,150.89655172413794
1760583453,20,POST,/auth/login,0.000000,0.000000,0,0,0,0,0,0,0,0,0,0,0,20,0,420.0,449.97293500018714,414.66099999888684,505.34000000334345,1312.0
1760583453,20,GET,/search?q=incidente,4.800000,0.000000,21,31,42,100,660,790,990,990,990,990,990,167,0,23,77.04780299395053,10.499399999389425,989.287599997624,24.0
1760583453,20,GET,/search?q=runbook,0.000000,0.000000,0,0,0,0,0,0,0,0,0,0,0,20,0,33,43.572089999724994,25.937300000805408,86.031599999842,24.0
1760583453,20,,Aggregated,4.800000,0.000000,21,31,42,100,660,790,990,990,990,990,990,207,0,28,109.84484830912068,10.499399999389425,989.287599997624,148.44444444444446
1760583454,20,POST,/auth/login,0.000000,0.000000,0,0,0,0,0,0,0,0,0,0,0,20,0,420.0,449.97293500018714,414.66099999888684,505.34000000334345,1312.0
1760583454,20,GET,/search?q=incidente,4.800000,0.000000,14,31,47,100,660,790,990,990,990,990,990,170,0,22,75.90379588229338,10.499399999389425,989.287599997624,24.0
1760583454,20,GET,/search?q=runbook,0.000000,0.000000,0,0,0,0,0,0,0,0,0,0,0,20,0,33,43.572089999724994,25.937300000805408,86.031599999842,24.0
1760583454,20,,Aggregated,4.800000,0.000000,14,31,47,100,660,790,990,990,990,990,990,210,0,27,108.45021809518151,10.499399999389425,989.287599997624,146.66666666666666
1760583455,20,POST,/auth/login,0.000000,0.000000,0,0,0,0,0,0,0,0,0,0,0,20,0,420.0,449.97293500018714,414.66099999888684,505.34000000334345,1312.0
1760583455,20,GET,/search?q=incidente,5.100000,0.000000,13,26,36,51,660,790,990,990,990,990,990,178,0,22,73.67165786515184,10.499399999389425,989.287599997624,24.0
1760583455,20,GET,/search?q=runbook,0.000000,0.000000,0,0,0,0,0,0,0,0,0,0,0,20,0,33,43.572089999724994,25.937300000805408,86.031599999842,24.0
1760583455,20,,Aggregated,5.100000,0.000000,13,26,36,51,660,790,990,990,990,990,990,218,0,27,105.43328256878566,10.499399999389425,989.287599997624,142.1651376146789
1760583456,20,POST,/auth/login,0.000000,0.000000,0,0,0,0,0,0,0,0,0,0,0,20,0,420.0,449.97293500018714,414.66099999888684,505.34000000334345,1312.0
1760583456,20,GET,/search?q=incidente,5.100000,0.000000,14,31,41,51,660,790,990,990,990,990,990,180,0,22,73.1639433333233,10.499399999389425,989.287599997624,24.0
1760583456,20,GET,/search?q=runbook,0.000000,0.000000,0,0,0,0,0,0,0,0,0,0,0,20,0,33,43.572089999724994,25.937300000805408,86.031599999842,24.0
1760583456,20,,Aggregated,5.100000,0.000000,14,31,41,51,660,790,990,990,990,990,990,220,0,27,104.72913772725654,10.499399999389425,989.287599997624,141.0909090909091
1760583457,20,POST,/auth/login,0.000000,0.000000,0,0,0,0,0,0,0,0,0,0,0,20,0,420.0,449.97293500018714,414.66099999888684,505.34000000334345,1312.0
1760583457,20,GET,/search?q=incidente,4.800000,0.000000,14,32,42,200,660,790,990,990,990,990,990,183,0,22,73.264240437137,10.499399999389425,989.287599997624,24.0
1760583457,20,GET,/search?q=runbook,0.000000,0.000000,0,0,0,0,0,0,0,0,0,0,0,20,0,33,43.572089999724994,25.937300000805408,86.031599999842,24.0
1760583457,20,,Aggregated,4.800000,0.000000,14,32,42,200,660,790,990,990,990,990,990,223,0,27,104.386800448405,10.499399999389425,989.287599997624,139.51569506726457
1760583458,20,POST,/auth/login,0.000000,0.000000,0,0,0,0,0,0,0,0,0,0,0,20,0,420.0,449.97293500018714,414.66099999888684,505.34000000334345,1312.0
1760583458,20,GET,/search?q=incidente,4.700000,0.000000,14,32,41,51,400,600,860,860,860,860,860,190,0,22,80.37830368417704,10.499399999389425,989.287599997624,24.0
1760583458,20,GET,/search?q=runbook,0.000000,0.000000,0,0,0,0,0,0,0,0,0,0,0,20,0,33,43.572089999724994,25.937300000805408,86.031599999842,24.0
1760583458,20,,Aggregated,4.700000,0.000000,14,32,41,51,400,600,860,860,860,860,860,230,0,27,109.31642695648644,10.499399999389425,989.287599997624,136.0
1760583459,20,POST,/auth/login,0.000000,0.000000,0,0,0,0,0,0,0,0,0,0,0,20,0,420.0,449.97293500018714,414.66099999888684,505.34000000334345,1312.0
1760583459,20,GET,/search?q=incidente,4.800000,0.000000,13,20,34,38,200,500,680,680,680,680,680,195,0,22,78.75752666663269,10.499399999389425,989.287599997624,24.0
1760583459,20,GET,/search?q=runbook,0.000000,0.000000,0,0,0,0,0,0,0,0,0,0,0,20,0,33,43.572089999724994,25.937300000805408,86.031599999842,24.0
1760583459,20,,Aggregated,4.800000,0.000000,13,20,34,38,200,500,680,680,680,680,680,235,0,27,107.3558221276239,10.499399999389425,989.287599997624,133.61702127659575
1760583460,20,POST,/auth/login,0.000000,0.000000,0,0,0,0,0,0,0,0,0,0,0,20,0,420.0,449.97293500018714,414.66099999888684,505.34000000334345,1312.0
1760583460,20,GET,/search?q=incidente,4.900000,0.000000,13,19,31,36,200,500,680,680,680,680,680,202,0,21,76.54799900986895,10.499399999389425,989.287599997624,24.0
1760583460,20,GET,/search?q=runbook,0.000000,0.000000,0,0,0,0,0,0,0,0,0,0,0,20,0,33,43.572089999724994,25.937300000805408,86.031599999842,24.0
1760583460,20,,Aggregated,4.900000,0.000000,13,19,31,36,200,500,680,680,680,680,680,242,0,26,104.68428223137094,10.499399999389425,989.287599997624,130.44628099173553
1760583461,20,POST,/auth/login,0.000000,0.000000,0,0,0,0,0,0,0,0,0,0,0,20,0,420.0,449.97293500018714,414.66099999888684,505.34000000334345,1312.0
1760583461,20,GET,/search?q=incidente,4.500000,0.000000,19,34,38,45,200,500,680,680,680,680,680,208,0,22,75.77453749996283,10.499399999389425,989.287599997624,24.0
1760583461,20,GET,/search?q=runbook,0.000000,0.000000,0,0,0,0,0,0,0,0,0,0,0,20,0,33,43.572089999724994,25.937300000805408,86.031599999842,24.0
1760583461,20,,Aggregated,4.500000,0.000000,19,34,38,45,200,500,680,680,680,680,680,248,0,27,103.35485604834884,10.499399999389425,989.287599997624,127.87096774193549
1760583462,20,POST,/auth/login,0.000000,0.000000,0,0,0,0,0,0,0,0,0,0,0,20,0,420.0,449.97293500018714,414.66099999888684,505.34000000334345,1312.0
1760583462,20,GET,/search?q=incidente,4.500000,0.000000,19,31,37,41,80,500,680,680,680,680,680,216,0,21,73.8073300925761,10.499399999389425,989.287599997624,24.0
1760583462,20,GET,/search?q=runbook,0.000000,0.000000,0,0,0,0,0,0,0,0,0,0,0,20,0,33,43.572089999724994,25.937300000805408,86.031599999842,24.0
1760583462,20,,Aggregated,4.500000,0.000000,19,31,37,41,80,500,680,680,680,680,680,256,0,27,100.83313984372921,10.499399999389425,989.287599997624,124.625
1760583463,20,POST,/auth/login,0.000000,0.000000,0,0,0,0,0,0,0,0,0,0,0,20,0,420.0,449.97293500018714,414.66099999888684,505.34000000334345,1312.0
1760583463,20,GET,/search?q=incidente,4.700000,0.000000,21,31,37,41,80,500,680,680,680,680,680,220,0,21,72.79643409090733,10.499399999389425,989.287599997624,24.0
1760583463,20,GET,/search?q=runbook,0.000000,0.000000,0,0,0,0,0,0,0,0,0,0,0,20,0,33,43.572089999724994,25.937300000805408,86.031599999842,24.0
1760583463,20,,Aggregated,4.700000,0.000000,21,31,37,41,80,500,680,680,680,680,680,260,0,26,99.56198461537636,10.499399999389425,989.287599997624,123.07692307692308
1760583464,20,POST,/auth/login,0.000000,0.000000,0,0,0,0,0,0,0,0,0,0,0,20,0,420.0,449.97293500018714,414.66099999888684,505.34000000334345,1312.0
1760583464,20,GET,/search?q=incidente,5.400000,0.000000,21,35,38,45,200,500,680,680,680,680,680,225,0,22,72.44230799999463,10.499399999389425,989.287599997624,24.0
1760583464,20,GET,/search?q=runbook,0.000000,0.000000,0,0,0,0,0,0,0,0,0,0,0,20,0,33,43.572089999724994,25.937300000805408,86.031599999842,24.0
1760583464,20,,Aggregated,5.400000,0.000000,21,35,38,45,200,500,680,680,680,680,680,265,0,26,98.75630113206428,10.499399999389425,989.287599997624,121.20754716981132
1760583465,20,POST,/auth/login,0.000000,0.000000,0,0,0,0,0,0,0,0,0,0,0,20,0,420.0,449.97293500018714,414.66099999888684,505.34000000334345,1312.0
1760583465,20,GET,/search?q=incidente,5.400000,0.000000,21,30,35,40,200,500,680,680,680,680,680,230,0,21,71.41243652171714,10.499399999389425,989.287599997624,24.0
1760583465,20,GET,/search?q=runbook,0.000000,0.000000,0,0,0,0,0,0,0,0,0,0,0,20,0,33,43.572089999724994,25.937300000805408,86.031599999842,24.0
1760583465,20,,Aggregated,5.400000,0.000000,21,30,35,40,200,500,680,680,680,680,680,270,0,26,97.39170703701178,10.499399999389425,989.287599997624,119.4074074074074
1760583466,20,POST,/auth/login,0.000000,0.000000,0,0,0,0,0,0,0,0,0,0,0,20,0,420.0,449.97293500018714,414.66099999888684,505.34000000334345,1312.0
1760583466,20,GET,/search?q=incidente,5.300000,0.000000,19,29,35,40,86,500,600,680,680,680,680,237,0,21,70.32404430377599,10.499399999389425,989.287599997624,24.0
1760583466,20,GET,/search?q=runbook,0.000000,0.000000,0,0,0,0,0,0,0,0,0,0,0,20,0,33,43.572089999724994,25.937300000805408,86.031599999842,24.0
1760583466,20,,Aggregated,5.300000,0.000000,19,29,35,40,86,500,600,680,680,680,680,277,0,26,95.80396750900056,10.499399999389425,989.287599997624,116.99638989169675
1760583467,20,POST,/auth/login,0.000000,0.000000,0,0,0,0,0,0,0,0,0,0,0,20,0,420.0,449.97293500018714,414.66099999888684,505.34000000334345,1312.0
1760583467,20,GET,/search?q=incidente,5.100000,0.000000,19,24,29,35,50,86,89,200,200,200,200,245,0,21,68.66602448977314,10.499399999389425,989.287599997624,24.0
1760583467,20,GET,/search?q=runbook,0.000000,0.000000,0,0,0,0,0,0,0,0,0,0,0,20,0,33,43.572089999724994,25.937300000805408,86.031599999842,24.0
1760583467,20,,Aggregated,5.100000,0.000000,19,24,29,35,50,86,89,200,200,200,200,285,0,25,93.66342631576373,10.499399999389425,989.287599997624,114.3859649122807
1760583468,20,POST,/auth/login,0.000000,0.000000,0,0,0,0,0,0,0,0,0,0,0,20,0,420.0,449.97293500018714,414.66099999888684,505.34000000334345,1312.0
1760583468,20,GET,/search?q=incidente,5.200000,0.000000,19,24,29,35,50,86,89,200,200,200,200,247,0,21,68.21020526313593,10.499399999389425,989.287599997624,24.0
1760583468,20,GET,/search?q=runbook,0.000000,0.000000,0,0,0,0,0,0,0,0,0,0,0,20,0,33,43.572089999724994,25.937300000805408,86.031599999842,24.0
1760583468,20,,Aggregated,5.200000,0.000000,19,24,29,35,50,86,89,200,200,200,200,287,0,25,93.09693797906905,10.499399999389425,989.287599997624,113.7560975609756
1760583469,20,POST,/auth/login,0.000000,0.000000,0,0,0,0,0,0,0,0,0,0,0,20,0,420.0,449.97293500018714,414.66099999888684,505.34000000334345,1312.0
1760583469,20,GET,/search?q=incidente,5.600000,0.000000,21,27,32,35,50,86,89,200,200,200,200,254,0,21,67.01072204723316,10.499399999389425,989.287599997624,24.0
1760583469,20,GET,/search?q=runbook,0.000000,0.000000,0,0,0,0,0,0,0,0,0,0,0,20,0,33,43.572089999724994,25.937300000805408,86.031599999842,24.0
1760583469,20,,Aggregated,5.600000,0.000000,21,27,32,35,50,86,89,200,200,200,200,294,0,25,91.46810850338593,10.499399999389425,989.287599997624,111.61904761904762
1760583470,20,POST,/auth/login,0.000000,0.000000,0,0,0,0,0,0,0,0,0,0,0,20,0,420.0,449.97293500018714,414.66099999888684,505.34000000334345,1312.0
1760583470,20,GET,/search?q=incidente,5.600000,0.000000,20,24,29,32,50,86,89,200,200,200,200,260,0,21,65.86491230769192,10.499399999389425,989.287599997624,24.0
1760583470,20,GET,/search?q=runbook,0.000000,0.000000,0,0,0,0,0,0,0,0,0,0,0,20,0,33,43.572089999724994,25.937300000805408,86.031599999842,24.0
1760583470,20,,Aggregated,5.600000,0.000000,20,24,29,32,50,86,89,200,200,200,200,300,0,24,89.98592566666048,10.499399999389425,989.287599997624,109.86666666666666
1760583471,20,POST,/auth/login,0.000000,0.000000,0,0,0,0,0,0,0,0,0,0,0,20,0,420.0,449.97293500018714,414.66099999888684,505.34000000334345,1312.0
1760583471,20,GET,/search?q=incidente,5.700000,0.000000,19,23,25,27,35,86,200,200,200,200,200,265,0,21,64.9462528302052,10.435700001835357,989.287599997624,24.0
1760583471,20,GET,/search?q=runbook,0.000000,0.000000,0,0,0,0,0,0,0,0,0,0,0,20,0,33,43.572089999724994,25.937300000805408,86.031599999842,24.0
1760583471,20,,Aggregated,5.700000,0.000000,19,23,25,27,35,86,200,200,200,200,200,305,0,24,88.79231967213974,10.435700001835357,989.287599997624,108.45901639344262
1760583472,20,POST,/auth/login,0.000000,0.000000,0,0,0,0,0,0,0,0,0,0,0,20,0,420.0,449.97293500018714,414.66099999888684,505.34000000334345,1312.0
1760583472,20,GET,/search?q=incidente,6.100000,0.000000,18,21,25,26,33,86,89,200,200,200,200,271,0,20,63.85216162362496,10.435700001835357,989.287599997624,24.0
1760583472,20,GET,/search?q=runbook,0.000000,0.000000,0,0,0,0,0,0,0,0,0,0,0,20,0,33,43.572089999724994,25.937300000805408,86.031599999842,24.0
1760583472,20,,Aggregated,6.100000,0.000000,18,21,25,26,33,86,89,200,200,200,200,311,0,24,87.37889485530742,10.435700001835357,989.287599997624,106.82958199356914
1760583473,20,POST,/auth/login,0.000000,0.000000,0,0,0,0,0,0,0,0,0,0,0,20,0,420.0,449.97293500018714,414.66099999888684,505.34000000334345,1312.0
1760583473,20,GET,/search?q=incidente,5.800000,0.000000,19,22,25,27,32,50,86,89,89,89,89,277,0,20,63.06058700362558,10.435700001835357,989.287599997624,24.0
1760583473,20,GET,/search?q=runbook,0.000000,0.000000,0,0,0,0,0,0,0,0,0,0,0,20,0,33,43.572089999724994,25.937300000805408,86.031599999842,24.0
1760583473,20,,Aggregated,5.800000,0.000000,19,22,25,27,32,50,86,89,89,89,89,317,0,24,86.24190252366728,10.435700001835357,989.287599997624,105.26182965299685
1760583474,20,POST,/auth/login,0.000000,0.000000,0,0,0,0,0,0,0,0,0,0,0,20,0,420.0,449.97293500018714,414.66099999888684,505.34000000334345,1312.0
1760583474,20,GET,/search?q=incidente,5.100000,0.000000,19,23,26,27,32,49,86,89,89,89,89,280,0,21,62.70312321429238,10.435700001835357,989.287599997624,24.0
1760583474,20,GET,/search?q=runbook,0.000000,0.000000,0,0,0,0,0,0,0,0,0,0,0,20,0,33,43.572089999724994,25.937300000805408,86.031599999842,24.0
1760583474,20,,Aggregated,5.100000,0.000000,19,23,26,27,32,49,86,89,89,89,89,320,0,24,85.71179687500035,10.435700001835357,989.287599997624,104.5
1760583475,20,POST,/auth/login,0.000000,0.000000,0,0,0,0,0,0,0,0,0,0,0,20,0,420.0,449.97293500018714,414.66099999888684,505.34000000334345,1312.0
1760583475,20,GET,/search?q=incidente,5.300000,0.000000,19,23,26,26,31,36,37,49,49,49,49,284,0,20,62.07994507041778,10.435700001835357,989.287599997624,24.0
1760583475,20,GET,/search?q=runbook,0.000000,0.000000,0,0,0,0,0,0,0,0,0,0,0,20,0,33,43.572089999724994,25.937300000805408,86.031599999842,24.0
1760583475,20,,Aggregated,5.300000,0.000000,19,23,26,26,31,36,37,49,49,49,49,324,0,24,84.88149660492867,10.435700001835357,989.287599997624,103.50617283950618
1760583476,20,POST,/auth/login,0.000000,0.000000,0,0,0,0,0,0,0,0,0,0,0,20,0,420.0,449.97293500018714,414.66099999888684,505.34000000334345,1312.0
1760583476,20,GET,/search?q=incidente,5.500000,0.000000,19,24,26,27,32,37,47,49,49,49,49,291,0,20,61.077479725077815,10.435700001835357,989.287599997624,24.0
1760583476,20,GET,/search?q=runbook,0.000000,0.000000,0,0,0,0,0,0,0,0,0,0,0,20,0,33,43.572089999724994,25.937300000805408,86.031599999842,24.0
1760583476,20,,Aggregated,5.500000,0.000000,19,24,26,27,32,37,47,49,49,49,49,331,0,24,83.51796706947398,10.435700001835357,989.287599997624,101.82477341389728
1760583477,20,POST,/auth/login,0.000000,0.000000,0,0,0,0,0,0,0,0,0,0,0,20,0,420.0,449.97293500018714,414.66099999888684,505.34000000334345,1312.0
1760583477,20,GET,/search?q=incidente,5.300000,0.000000,19,23,26,27,33,37,49,49,49,49,49,293,0,20,60.83332184299025,10.435700001835357,989.287599997624,24.0
1760583477,20,GET,/search?q=runbook,0.000000,0.000000,0,0,0,0,0,0,0,0,0,0,0,20,0,33,43.572089999724994,25.937300000805408,86.031599999842,24.0
1760583477,20,,Aggregated,5.300000,0.000000,19,23,26,27,33,37,49,49,49,49,49,333,0,24,83.1683597597429,10.435700001835357,989.287599997624,101.35735735735736
1760583478,20,POST,/auth/login,0.000000,0.000000,0,0,0,0,0,0,0,0,0,0,0,20,0,420.0,449.97293500018714,414.66099999888684,505.34000000334345,1312.0
1760583478,20,GET,/search?q=incidente,5.500000,0.000000,19,25,26,27,31,37,49,49,49,49,49,299,0,20,60.00505886285918,10.435700001835357,989.287599997624,24.0
1760583478,20,GET,/search?q=runbook,0.000000,0.000000,0,0,0,0,0,0,0,0,0,0,0,20,0,33,43.572089999724994,25.937300000805408,86.031599999842,24.0
1760583478,20,,Aggregated,5.500000,0.000000,19,25,26,27,31,37,49,49,49,49,49,339,0,24,82.04251651915379,10.435700001835357,989.287599997624,99.9882005899705
1760583479,20,POST,/auth/login,0.000000,0.000000,0,0,0,0,0,0,0,0,0,0,0,20,0,420.0,449.97293500018714,414.66099999888684,505.34000000334345,1312.0
1760583479,20,GET,/search?q=incidente,5.300000,0.000000,18,25,26,26,31,37,49,49,49,49,49,302,0,20,59.588686092703206,10.435700001835357,989.287599997624,24.0
1760583479,20,GET,/search?q=runbook,0.000000,0.000000,0,0,0,0,0,0,0,0,0,0,0,20,0,33,43.572089999724994,25.937300000805408,86.031599999842,24.0
1760583479,20,,Aggregated,5.300000,0.000000,18,25,26,26,31,37,49,49,49,49,49,342,0,24,81.48153128653395,10.435700001835357,989.287599997624,99.32163742690058
1760583480,20,POST,/auth/login,0.000000,0.000000,0,0,0,0,0,0,0,0,0,0,0,20,0,420.0,449.97293500018714,414.66099999888684,505.34000000334345,1312.0
1760583480,20,GET,/search?q=incidente,5.200000,0.000000,20,26,27,28,37,47,160,160,160,160,160,307,0,20,59.497779153098946,10.435700001835357,989.287599997624,24.0
1760583480,20,GET,/search?q=runbook,0.000000,0.000000,0,0,0,0,0,0,0,0,0,0,0,20,0,33,43.572089999724994,25.937300000805408,86.031599999842,24.0
1760583480,20,,Aggregated,5.200000,0.000000,20,26,27,28,37,47,160,160,160,160,160,347,0,24,81.0856446685868,10.435700001835357,989.287599997624,98.23631123919309
1760583481,20,POST,/auth/login,0.000000,0.000000,0,0,0,0,0,0,0,0,0,0,0,20,0,420.0,449.97293500018714,414.66099999888684,505.34000000334345,1312.0
1760583481,20,GET,/search?q=incidente,5.100000,0.000000,18,25,26,28,37,47,160,160,160,160,160,312,0,20,58.72374198718087,10.291200000210665,989.287599997624,24.0
1760583481,20,GET,/search?q=runbook,0.000000,0.000000,0,0,0,0,0,0,0,0,0,0,0,20,0,33,43.572089999724994,25.937300000805408,86.031599999842,24.0
1760583481,20,,Aggregated,5.100000,0.000000,18,25,26,28,37,47,160,160,160,160,160,352,0,24,80.09292045454168,10.291200000210665,989.287599997624,97.18181818181819
1760583482,20,POST,/auth/login,0.000000,0.000000,0,0,0,0,0,0,0,0,0,0,0,20,0,420.0,449.97293500018714,414.66099999888684,505.34000000334345,1312.0
1760583482,20,GET,/search?q=incidente,4.400000,0.000000,20,26,28,31,37,47,160,160,160,160,160,315,0,20,58.43537809524273,10.291200000210665,989.287599997624,24.0
1760583482,20,GET,/search?q=runbook,0.000000,0.000000,0,0,0,0,0,0,0,0,0,0,0,20,0,33,43.572089999724994,25.937300000805408,86.031599999842,24.0
1760583482,20,,Aggregated,4.400000,0.000000,20,26,28,31,37,47,160,160,160,160,160,355,0,24,79.65646366197099,10.291200000210665,989.287599997624,96.56338028169014
1760583483,20,POST,/auth/login,0.000000,0.000000,0,0,0,0,0,0,0,0,0,0,0,20,0,420.0,449.97293500018714,414.66099999888684,505.34000000334345,1312.0
1760583483,20,GET,/search?q=incidente,4.400000,0.000000,19,25,27,29,34,40,160,160,160,160,160,319,0,20,57.99946865201868,10.291200000210665,989.287599997624,24.0
1760583483,20,GET,/search?q=runbook,0.000000,0.000000,0,0,0,0,0,0,0,0,0,0,0,20,0,33,43.572089999724994,25.937300000805408,86.031599999842,24.0
1760583483,20,,Aggregated,4.400000,0.000000,19,25,27,29,34,40,160,160,160,160,160,359,0,24,79.03267688020111,10.291200000210665,989.287599997624,95.75487465181058
1760583484,20,POST,/auth/login,0.000000,0.000000,0,0,0,0,0,0,0,0,0,0,0,20,0,420.0,449.97293500018714,414.66099999888684,505.34000000334345,1312.0
1760583484,20,GET,/search?q=incidente,4.700000,0.000000,18,25,28,29,39,47,160,160,160,160,160,326,0,20,57.386167791376195,10.291200000210665,989.287599997624,24.0
1760583484,20,GET,/search?q=runbook,0.000000,0.000000,0,0,0,0,0,0,0,0,0,0,0,20,0,33,43.572089999724994,25.937300000805408,86.031599999842,24.0
1760583484,20,,Aggregated,4.700000,0.000000,18,25,28,29,39,47,160,160,160,160,160,366,0,23,78.08412896171279,10.291200000210665,989.287599997624,94.38251366120218
1760583485,20,POST,/auth/login,0.000000,0.000000,0,0,0,0,0,0,0,0,0,0,0,20,0,420.0,449.97293500018714,414.66099999888684,505.34000000334345,1312.0
1760583485,20,GET,/search?q=incidente,4.200000,0.000000,18,24,26,29,34,40,160,160,160,160,160,329,0,20,56.97528541029366,10.291200000210665,989.287599997624,24.0
1760583485,20,GET,/search?q=runbook,0.000000,0.000000,0,0,0,0,0,0,0,0,0,0,0,20,0,33,43.572089999724994,25.937300000805408,86.031599999842,24.0
1760583485,20,,Aggregated,4.200000,0.000000,18,24,26,29,34,40,160,160,160,160,160,369,0,23,77.54951056906465,10.291200000210665,989.287599997624,93.81029810298104
1760583486,20,POST,/auth/login,0.000000,0.000000,0,0,0,0,0,0,0,0,0,0,0,20,0,420.0,449.97293500018714,414.66099999888684,505.34000000334345,1312.0
1760583486,20,GET,/search?q=incidente,4.500000,0.000000,19,26,29,31,97,160,330,330,330,330,330,336,0,20,58.175948511862295,10.291200000210665,989.287599997624,24.0
1760583486,20,GET,/search?q=runbook,0.000000,0.000000,0,0,0,0,0,0,0,0,0,0,0,20,0,33,43.572089999724994,25.937300000805408,86.031599999842,24.0
1760583486,20,,Aggregated,4.500000,0.000000,19,26,29,31,97,160,330,330,330,330,330,376,0,23,78.23941276591482,10.291200000210665,989.287599997624,92.51063829787235
1760583487,20,POST,/auth/login,0.000000,0.000000,0,0,0,0,0,0,0,0,0,0,0,20,0,420.0,449.97293500018714,414.66099999888684,505.34000000334345,1312.0
1760583487,20,GET,/search?q=incidente,4.800000,0.000000,21,29,34,40,120,190,330,330,330,330,330,341,0,20,58.36719237530844,10.291200000210665,989.287599997624,24.0
1760583487,20,GET,/search?q=runbook,0.000000,0.000000,0,0,0,0,0,0,0,0,0,0,0,20,0,33,43.572089999724994,25.937300000805408,86.031599999842,24.0
1760583487,20,,Aggregated,4.800000,0.000000,21,29,34,40,120,190,330,330,330,330,330,381,0,24,78.14727847763365,10.291200000210665,989.287599997624,91.61154855643045
1760583488,20,POST,/auth/login,0.000000,0.000000,0,0,0,0,0,0,0,0,0,0,0,20,0,420.0,449.97293500018714,414.66099999888684,505.34000000334345,1312.0
1760583488,20,GET,/search?q=incidente,4.700000,0.000000,19,27,31,39,120,190,330,330,330,330,330,347,0,20,57.637861095048805,10.291200000210665,989.287599997624,24.0
1760583488,20,GET,/search?q=runbook,0.000000,0.000000,0,0,0,0,0,0,0,0,0,0,0,20,0,33,43.572089999724994,25.937300000805408,86.031599999842,24.0
1760583488,20,,Aggregated,4.700000,0.000000,19,27,31,39,120,190,330,330,330,330,330,387,0,23,77.18666227385059,10.291200000210665,989.287599997624,90.56330749354005
1760583489,20,POST,/auth/login,0.000000,0.000000,0,0,0,0,0,0,0,0,0,0,0,20,0,420.0,449.97293500018714,414.66099999888684,505.34000000334345,1312.0
1760583489,20,GET,/search?q=incidente,4.400000,0.000000,18,26,29,31,97,190,330,330,330,330,330,352,0,20,57.02422670449116,10.291200000210665,989.287599997624,24.0
1760583489,20,GET,/search?q=runbook,0.000000,0.000000,0,0,0,0,0,0,0,0,0,0,0,20,0,33,43.572089999724994,25.937300000805408,86.031599999842,24.0
1760583489,20,,Aggregated,4.400000,0.000000,18,26,29,31,97,190,330,330,330,330,330,392,0,23,76.38629668362023,10.291200000210665,989.287599997624,89.71428571428571
1760583490,20,POST,/auth/login,0.000000,0.000000,0,0,0,0,0,0,0,0,0,0,0,20,0,420.0,449.97293500018714,414.66099999888684,505.34000000334345,1312.0
1760583490,20,GET,/search?q=incidente,4.500000,0.000000,17,22,27,31,88,190,280,330,330,330,330,360,0,19,56.109671944401875,10.291200000210665,989.287599997624,24.0
1760583490,20,GET,/search?q=runbook,0.000000,0.000000,0,0,0,0,0,0,0,0,0,0,0,20,0,33,43.572089999724994,25.937300000805408,86.031599999842,24.0
1760583490,20,,Aggregated,4.500000,0.000000,17,22,27,31,88,190,280,330,330,330,330,400,0,22,75.1759559999573,10.291200000210665,989.287599997624,88.4
1760583491,20,POST,/auth/login,0.000000,0.000000,0,0,0,0,0,0,0,0,0,0,0,20,0,420.0,449.97293500018714,414.66099999888684,505.34000000334345,1312.0
1760583491,20,GET,/search?q=incidente,4.800000,0.000000,17,22,26,29,97,190,330,330,330,330,330,364,0,19,55.68578983512942,10.291200000210665,989.287599997624,24.0
1760583491,20,GET,/search?q=runbook,0.000000,0.000000,0,0,0,0,0,0,0,0,0,0,0,20,0,33,43.572089999724994,25.937300000805408,86.031599999842,24.0
1760583491,20,,Aggregated,4.800000,0.000000,17,22,26,29,97,190,330,330,330,330,330,404,0,22,74.60526732669642,10.291200000210665,989.287599997624,87.76237623762377
1760583492,20,POST,/auth/login,0.000000,0.000000,0,0,0,0,0,0,0,0,0,0,0,20,0,420.0,449.97293500018714,414.66099999888684,505.34000000334345,1312.0
1760583492,20,GET,/search?q=incidente,4.800000,0.000000,17,22,26,27,88,190,280,330,330,330,330,366,0,19,55.48044234968924,10.291200000210665,989.287599997624,24.0
1760583492,20,GET,/search?q=runbook,0.000000,0.000000,0,0,0,0,0,0,0,0,0,0,0,20,0,33,43.572089999724994,25.937300000805408,86.031599999842,24.0
1760583492,20,,Aggregated,4.800000,0.000000,17,22,26,27,88,190,280,330,330,330,330,406,0,22,74.32695172409977,10.291200000210665,989.287599997624,87.44827586206897
1760583493,20,POST,/auth/login,0.000000,0.000000,0,0,0,0,0,0,0,0,0,0,0,20,0,420.0,449.97293500018714,414.66099999888684,505.34000000334345,1312.0
1760583493,20,GET,/search?q=incidente,5.200000,0.000000,17,24,26,38,190,330,460,460,460,460,460,376,0,19,57.56592127656714,10.291200000210665,989.287599997624,24.0
1760583493,20,GET,/search?q=runbook,0.000000,0.000000,0,0,0,0,0,0,0,0,0,0,0,20,0,33,43.572089999724994,25.937300000805408,86.031599999842,24.0
1760583493,20,,Aggregated,5.200000,0.000000,17,24,26,38,190,330,460,460,460,460,460,416,0,22,75.75886274035453,10.291200000210665,989.287599997624,85.92307692307692
1760583494,20,POST,/auth/login,0.000000,0.000000,0,0,0,0,0,0,0,0,0,0,0,20,0,420.0,449.97293500018714,414.66099999888684,505.34000000334345,1312.0
1760583494,20,GET,/search?q=incidente,5.200000,0.000000,17,24,27,39,190,330,460,460,460,460,460,380,0,19,57.15256368419336,10.291200000210665,989.287599997624,24.0
1760583494,20,GET,/search?q=runbook,0.000000,0.000000,0,0,0,0,0,0,0,0,0,0,0,20,0,33,43.572089999724994,25.937300000805408,86.031599999842,24.0
1760583494,20,,Aggregated,5.200000,0.000000,17,24,27,39,190,330,460,460,460,460,460,420,0,22,75.21160642855172,10.291200000210665,989.287599997624,85.33333333333333
1760583495,20,POST,/auth/login,0.000000,0.000000,0,0,0,0,0,0,0,0,0,0,0,20,0,420.0,449.97293500018714,414.66099999888684,505.34000000334345,1312.0
1760583495,20,GET,/search?q=incidente,5.700000,0.000000,15,21,24,27,88,270,460,460,460,460,460,384,0,19,56.71025078123648,10.291200000210665,989.287599997624,24.0
1760583495,20,GET,/search?q=runbook,0.000000,0.000000,0,0,0,0,0,0,0,0,0,0,0,20,0,33,43.572089999724994,25.937300000805408,86.031599999842,24.0
1760583495,20,,Aggregated,5.700000,0.000000,15,21,24,27,88,270,460,460,460,460,460,424,0,22,74.64065283017229,10.291200000210665,989.287599997624,84.75471698113208
1760583496,20,POST,/auth/login,0.000000,0.000000,0,0,0,0,0,0,0,0,0,0,0,20,0,420.0,449.97293500018714,414.66099999888684,505.34000000334345,1312.0
1760583496,20,GET,/search?q=incidente,5.500000,0.000000,15,21,25,38,54,270,460,460,460,460,460,391,0,19,56.138499999985896,10.291200000210665,989.287599997624,24.0
1760583496,20,GET,/search?q=runbook,0.000000,0.000000,0,0,0,0,0,0,0,0,0,0,0,20,0,33,43.572089999724994,25.937300000805408,86.031599999842,24.0
1760583496,20,,Aggregated,5.500000,0.000000,15,21,25,38,54,270,460,460,460,460,460,431,0,21,73.83075174012234,10.291200000210665,989.287599997624,83.76798143851508
1760583497,20,POST,/auth/login,0.000000,0.000000,0,0,0,0,0,0,0,0,0,0,0,20,0,420.0,449.97293500018714,414.66099999888684,505.34000000334345,1312.0
1760583497,20,GET,/search?q=incidente,5.300000,0.000000,15,19,24,27,45,270,460,460,460,460,460,397,0,19,55.64604382869252,10.291200000210665,989.287599997624,24.0
1760583497,20,GET,/search?q=runbook,0.000000,0.000000,0,0,0,0,0,0,0,0,0,0,0,20,0,33,43.572089999724994,25.937300000805408,86.031599999842,24.0
1760583497,20,,Aggregated,5.300000,0.000000,15,19,24,27,45,270,460,460,460,460,460,437,0,21,73.14045743704617,10.291200000210665,989.287599997624,82.94736842105263
1760583498,20,POST,/auth/login,0.000000,0.000000,0,0,0,0,0,0,0,0,0,0,0,20,0,420.0,449.97293500018714,414.66099999888684,505.34000000334345,1312.0
1760583498,20,GET,/search?q=incidente,5.500000,0.000000,14,18,24,35,45,270,460,460,460,460,460,406,0,19,54.83295369457006,10.291200000210665,989.287599997624,24.0
1760583498,20,GET,/search?q=runbook,0.000000,0.000000,0,0,0,0,0,0,0,0,0,0,0,20,0,33,43.572089999724994,25.937300000805408,86.031599999842,24.0
1760583498,20,,Aggregated,5.500000,0.000000,14,18,24,35,45,270,460,460,460,460,460,446,0,21,72.04726390133114,10.291200000210665,989.287599997624,81.75784753363229
1760583499,20,POST,/auth/login,0.000000,0.000000,0,0,0,0,0,0,0,0,0,0,0,20,0,420.0,449.97293500018714,414.66099999888684,505.34000000334345,1312.0
1760583499,20,GET,/search?q=incidente,5.600000,0.000000,15,18,27,35,45,270,460,460,460,460,460,408,0,19,54.672839705878744,10.291200000210665,989.287599997624,24.0
1760583499,20,GET,/search?q=runbook,0.000000,0.000000,0,0,0,0,0,0,0,0,0,0,0,20,0,33,43.572089999724994,25.937300000805408,86.031599999842,24.0
1760583499,20,,Aggregated,5.600000,0.000000,15,18,27,35,45,270,460,460,460,460,460,448,0,21,71.82459620534993,10.291200000210665,989.287599997624,81.5
1760583500,20,POST,/auth/login,0.000000,0.000000,0,0,0,0,0,0,0,0,0,0,0,20,0,420.0,449.97293500018714,414.66099999888684,505.34000000334345,1312.0
1760583500,20,GET,/search?q=incidente,5.600000,0.000000,16,31,39,45,270,460,720,740,740,740,740,414,0,19,59.224200966180405,10.291200000210665,989.287599997624,24.0
1760583500,20,GET,/search?q=runbook,0.000000,0.000000,0,0,0,0,0,0,0,0,0,0,0,20,0,33,43.572089999724994,25.937300000805408,86.031599999842,24.0
1760583500,20,,Aggregated,5.600000,0.000000,16,31,39,45,270,460,720,740,740,740,740,454,0,21,75.74828127752627,10.291200000210665,989.287599997624,80.74008810572687
1760583501,20,POST,/auth/login,0.000000,0.000000,0,0,0,0,0,0,0,0,0,0,0,20,0,420.0,449.97293500018714,414.66099999888684,505.34000000334345,1312.0
1760583501,20,GET,/search?q=incidente,5.700000,0.000000,18,32,41,45,270,460,720,740,740,740,740,418,0,19,58.84603684210617,10.291200000210665,989.287599997624,24.0
1760583501,20,GET,/search?q=runbook,0.000000,0.000000,0,0,0,0,0,0,0,0,0,0,0,20,0,33,43.572089999724994,25.937300000805408,86.031599999842,24.0
1760583501,20,,Aggregated,5.700000,0.000000,18,32,41,45,270,460,720,740,740,740,740,458,0,21,75.25882947597952,10.291200000210665,989.287599997624,80.24454148471615
1760583502,20,POST,/auth/login,0.000000,0.000000,0,0,0,0,0,0,0,0,0,0,0,20,0,420.0,449.97293500018714,414.66099999888684,505.34000000334345,1312.0
1760583502,20,GET,/search?q=incidente,5.600000,0.000000,18,24,39,41,54,430,720,740,740,740,740,424,0,19,58.31289646225484,10.291200000210665,989.287599997624,24.0
1760583502,20,GET,/search?q=runbook,0.000000,0.000000,0,0,0,0,0,0,0,0,0,0,0,20,0,33,43.572089999724994,25.937300000805408,86.031599999842,24.0
1760583502,20,,Aggregated,5.600000,0.000000,18,24,39,41,54,430,720,740,740,740,740,464,0,21,74.5594150861946,10.291200000210665,989.287599997624,79.51724137931035
1760583503,20,POST,/auth/login,0.000000,0.000000,0,0,0,0,0,0,0,0,0,0,0,20,0,420.0,449.97293500018714,414.66099999888684,505.34000000334345,1312.0
1760583503,20,GET,/search?q=incidente,5.500000,0.000000,16,24,35,42,54,430,720,740,740,740,740,431,0,19,57.722866589317526,10.291200000210665,989.287599997624,24.0
1760583503,20,GET,/search?q=runbook,0.000000,0.000000,0,0,0,0,0,0,0,0,0,0,0,20,0,33,43.572089999724994,25.937300000805408,86.031599999842,24.0
1760583503,20,,Aggregated,5.500000,0.000000,16,24,35,42,54,430,720,740,740,740,740,471,0,21,73.77803821654798,10.291200000210665,989.287599997624,78.69214437367303
1760583504,20,POST,/auth/login,0.000000,0.000000,0,0,0,0,0,0,0,0,0,0,0,20,0,420.0,449.97293500018714,414.66099999888684,505.34000000334345,1312.0
1760583504,20,GET,/search?q=incidente,5.200000,0.000000,18,24,32,42,54,430,720,740,740,740,740,435,0,19,57.379764827582505,10.291200000210665,989.287599997624,24.0
1760583504,20,GET,/search?q=runbook,0.000000,0.000000,0,0,0,0,0,0,0,0,0,0,0,20,0,33,43.572089999724994,25.937300000805408,86.031599999842,24.0
1760583504,20,,Aggregated,5.200000,0.000000,18,24,32,42,54,430,720,740,740,740,740,475,0,21,73.3286277894666,10.291200000210665,989.287599997624,78.23157894736842
1760583505,20,POST,/auth/login,0.000000,0.000000,0,0,0,0,0,0,0,0,0,0,0,20,0,420.0,449.97293500018714,414.66099999888684,505.34000000334345,1312.0
1760583505,20,GET,/search?q=incidente,5.200000,0.000000,23,31,41,45,52,430,720,740,740,740,740,440,0,19,57.17580750001203,10.291200000210665,989.287599997624,24.0
1760583505,20,GET,/search?q=runbook,0.000000,0.000000,0,0,0,0,0,0,0,0,0,0,0,20,0,33,43.572089999724994,25.937300000805408,86.031599999842,24.0
1760583505,20,,Aggregated,5.200000,0.000000,23,31,41,45,52,430,720,740,740,740,740,480,0,22,72.97553291667403,10.291200000210665,989.287599997624,77.66666666666667
1760583506,20,POST,/auth/login,0.000000,0.000000,0,0,0,0,0,0,0,0,0,0,0,20,0,420.0,449.97293500018714,414.66099999888684,505.34000000334345,1312.0
1760583506,20,GET,/search?q=incidente,5.300000,0.000000,20,27,35,41,52,430,720,740,740,740,740,446,0,19,56.629394843046185,10.291200000210665,989.287599997624,24.0
1760583506,20,GET,/search?q=runbook,0.000000,0.000000,0,0,0,0,0,0,0,0,0,0,0,20,0,33,43.572089999724994,25.937300000805408,86.031599999842,24.0
1760583506,20,,Aggregated,5.300000,0.000000,20,27,35,41,52,430,720,740,740,740,740,486,0,21,72.2790341563721,10.291200000210665,989.287599997624,77.00411522633745
1760583507,20,POST,/auth/login,0.000000,0.000000,0,0,0,0,0,0,0,0,0,0,0,20,0,420.0,449.97293500018714,414.66099999888684,505.34000000334345,1312.0
1760583507,20,GET,/search?q=incidente,5.400000,0.000000,20,28,33,41,52,430,720,740,740,740,740,451,0,19,56.23324922393226,10.291200000210665,989.287599997624,24.0
1760583507,20,GET,/search?q=runbook,0.000000,0.000000,0,0,0,0,0,0,0,0,0,0,0,20,0,33,43.572089999724994,25.937300000805408,86.031599999842,24.0
1760583507,20,,Aggregated,5.400000,0.000000,20,28,33,41,52,430,720,740,740,740,740,491,0,21,71.75579613032932,10.291200000210665,989.287599997624,76.4643584521385
1760583508,20,POST,/auth/login,0.000000,0.000000,0,0,0,0,0,0,0,0,0,0,0,20,0,420.0,449.97293500018714,414.66099999888684,505.34000000334345,1312.0
1760583508,20,GET,/search?q=incidente,5.200000,0.000000,23,28,33,38,84,430,740,740,740,740,740,455,0,19,55.936660659334756,10.291200000210665,989.287599997624,24.0
1760583508,20,GET,/search?q=runbook,0.000000,0.000000,0,0,0,0,0,0,0,0,0,0,0,20,0,33,43.572089999724994,25.937300000805408,86.031599999842,24.0
1760583508,20,,Aggregated,5.200000,0.000000,23,28,33,38,84,430,740,740,740,740,740,495,0,21,71.35773959595062,10.291200000210665,989.287599997624,76.04040404040404
1760583509,20,POST,/auth/login,0.000000,0.000000,0,0,0,0,0,0,0,0,0,0,0,20,0,420.0,449.97293500018714,414.66099999888684,505.34000000334345,1312.0
1760583509,20,GET,/search?q=incidente,5.400000,0.000000,21,28,36,38,52,430,720,740,740,740,740,462,0,19,55.39569264068104,10.291200000210665,989.287599997624,24.0
1760583509,20,GET,/search?q=runbook,0.000000,0.000000,0,0,0,0,0,0,0,0,0,0,0,20,0,33,43.572089999724994,25.937300000805408,86.031599999842,24.0
1760583509,20,,Aggregated,5.400000,0.000000,21,28,36,38,52,430,720,740,740,740,740,502,0,21,70.64484163345196,10.291200000210665,989.287599997624,75.31474103585657
1760583510,20,POST,/auth/login,0.000000,0.000000,0,0,0,0,0,0,0,0,0,0,0,20,0,420.0,449.97293500018714,414.66099999888684,505.34000000334345,1312.0
1760583510,20,GET,/search?q=incidente,5.300000,0.000000,20,24,28,36,46,52,300,300,300,300,300,465,0,19,55.855916344076554,10.291200000210665,989.287599997624,24.0
1760583510,20,GET,/search?q=runbook,0.000000,0.000000,0,0,0,0,0,0,0,0,0,0,0,20,0,33,43.572089999724994,25.937300000805408,86.031599999842,24.0
1760583510,20,,Aggregated,5.300000,0.000000,20,24,28,36,46,52,300,300,300,300,300,505,0,21,70.97802297028484,10.291200000210665,989.287599997624,75.00990099009901
1760583511,20,POST,/auth/login,0.000000,0.000000,0,0,0,0,0,0,0,0,0,0,0,20,0,420.0,449.97293500018714,414.66099999888684,505.34000000334345,1312.0
1760583511,20,GET,/search?q=incidente,4.900000,0.000000,18,24,28,36,44,52,69,300,300,300,300,473,0,19,55.16523932344669,10.291200000210665,989.287599997624,24.0
1760583511,20,GET,/search?q=runbook,0.000000,0.000000,0,0,0,0,0,0,0,0,0,0,0,20,0,33,43.572089999724994,25.937300000805408,86.031599999842,24.0
1760583511,20,,Aggregated,4.900000,0.000000,18,24,28,36,44,52,69,300,300,300,300,513,0,21,70.10537758282364,10.291200000210665,989.287599997624,74.21442495126706
1760583512,20,POST,/auth/login,0.000000,0.000000,0,0,0,0,0,0,0,0,0,0,0,20,0,420.0,449.97293500018714,414.66099999888684,505.34000000334345,1312.0
1760583512,20,GET,/search?q=incidente,5.400000,0.000000,17,23,28,33,44,52,69,300,300,300,300,477,0,19,54.83192012577304,10.291200000210665,989.287599997624,24.0
1760583512,20,GET,/search?q=runbook,0.000000,0.000000,0,0,0,0,0,0,0,0,0,0,0,20,0,33,43.572089999724994,25.937300000805408,86.031599999842,24.0
1760583512,20,,Aggregated,5.400000,0.000000,17,23,28,33,44,52,69,300,300,300,300,517,0,21,69.68225609282781,10.291200000210665,989.287599997624,73.82591876208897
1760583513,20,POST,/auth/login,0.000000,0.000000,0,0,0,0,0,0,0,0,0,0,0,20,0,420.0,449.97293500018714,414.66099999888684,505.34000000334345,1312.0
1760583513,20,GET,/search?q=incidente,5.000000,0.000000,19,27,36,38,74,660,660,860,860,860,860,482,0,19,59.163878838153025,10.291200000210665,989.287599997624,24.0
1760583513,20,GET,/search?q=runbook,0.000000,0.000000,0,0,0,0,0,0,0,0,0,0,0,20,0,33,43.572089999724994,25.937300000805408,86.031599999842,24.0
1760583513,20,,Aggregated,5.000000,0.000000,19,27,36,38,74,660,660,860,860,860,860,522,0,21,73.54001934863601,10.291200000210665,989.287599997624,73.34865900383141
1760583514,20,POST,/auth/login,0.000000,0.000000,0,0,0,0,0,0,0,0,0,0,0,20,0,420.0,449.97293500018714,414.66099999888684,505.34000000334345,1312.0
1760583514,20,GET,/search?q=incidente,5.500000,0.000000,21,33,38,46,74,660,660,860,860,860,860,487,0,19,58.91008439423877,10.291200000210665,989.287599997624,24.0
1760583514,20,GET,/search?q=runbook,0.000000,0.000000,0,0,0,0,0,0,0,0,0,0,0,20,0,33,43.572089999724994,25.937300000805408,86.031599999842,24.0
1760583514,20,,Aggregated,5.500000,0.000000,21,33,38,46,74,660,660,860,860,860,860,527,0,21,73.16909222009967,10.291200000210665,989.287599997624,72.88045540796963
1760583515,20,POST,/auth/login,0.000000,0.000000,0,0,0,0,0,0,0,0,0,0,0,20,0,420.0,449.97293500018714,414.66099999888684,505.34000000334345,1312.0
1760583515,20,GET,/search?q=incidente,5.300000,0.000000,15,24,36,38,74,660,660,860,860,860,860,493,0,19,58.356024543600675,10.291200000210665,989.287599997624,24.0
1760583515,20,GET,/search?q=runbook,0.000000,0.000000,0,0,0,0,0,0,0,0,0,0,0,20,0,33,43.572089999724994,25.937300000805408,86.031599999842,24.0
1760583515,20,,Aggregated,5.300000,0.000000,15,24,36,38,74,660,660,860,860,860,860,533,0,21,72.49609868666674,10.291200000210665,989.287599997624,72.33020637898687
1760583516,20,POST,/auth/login,0.000000,0.000000,0,0,0,0,0,0,0,0,0,0,0,20,0,420.0,449.97293500018714,414.66099999888684,505.34000000334345,1312.0
1760583516,20,GET,/search?q=incidente,5.100000,0.000000,15,25,37,44,120,660,660,860,860,860,860,498,0,19,58.31742530119161,10.291200000210665,989.287599997624,24.0
1760583516,20,GET,/search?q=runbook,0.000000,0.000000,0,0,0,0,0,0,0,0,0,0,0,20,0,33,43.572089999724994,25.937300000805408,86.031599999842,24.0
1760583516,20,,Aggregated,5.100000,0.000000,15,25,37,44,120,660,660,860,860,860,860,538,0,21,72.3289559479399,10.291200000210665,989.287599997624,71.88104089219331
1760583517,20,POST,/auth/login,0.000000,0.000000,0,0,0,0,0,0,0,0,0,0,0,20,0,420.0,449.97293500018714,414.66099999888684,505.34000000334345,1312.0
1760583517,20,GET,/search?q=incidente,5.200000,0.000000,15,25,38,48,120,660,660,860,860,860,860,502,0,19,58.07614003981825,10.291200000210665,989.287599997624,24.0
1760583517,20,GET,/search?q=runbook,0.000000,0.000000,0,0,0,0,0,0,0,0,0,0,0,20,0,33,43.572089999724994,25.937300000805408,86.031599999842,24.0
1760583517,20,,Aggregated,5.200000,0.000000,15,25,38,48,120,660,660,860,860,860,860,542,0,21,72.00207158669188,10.291200000210665,989.287599997624,71.52767527675277
1760583519,20,POST,/auth/login,0.000000,0.000000,0,0,0,0,0,0,0,0,0,0,0,20,0,420.0,449.97293500018714,414.66099999888684,505.34000000334345,1312.0
1760583519,20,GET,/search?q=incidente,5.200000,0.000000,22,48,74,180,420,660,860,860,860,860,860,508,0,19,60.591283070836624,10.291200000210665,989.287599997624,24.0
1760583519,20,GET,/search?q=runbook,0.000000,0.000000,0,0,0,0,0,0,0,0,0,0,0,20,0,33,43.572089999724994,25.937300000805408,86.031599999842,24.0
1760583519,20,,Aggregated,5.200000,0.000000,22,48,74,180,420,660,860,860,860,860,860,548,0,21,74.18115383208622,10.291200000210665,989.287599997624,71.00729927007299
1760583520,20,POST,/auth/login,0.000000,0.000000,0,0,0,0,0,0,0,0,0,0,0,20,0,420.0,449.97293500018714,414.66099999888684,505.34000000334345,1312.0
1760583520,20,GET,/search?q=incidente,5.200000,0.000000,18,28,54,120,420,660,860,860,860,860,860,513,0,19,60.20704619879492,10.291200000210665,989.287599997624,24.0
1760583520,20,GET,/search?q=runbook,0.000000,0.000000,0,0,0,0,0,0,0,0,0,0,0,20,0,33,43.572089999724994,25.937300000805408,86.031599999842,24.0
1760583520,20,,Aggregated,5.200000,0.000000,18,28,54,120,420,660,860,860,860,860,860,553,0,21,73.70183580466552,10.291200000210665,989.287599997624,70.58227848101266
1760583521,20,POST,/auth/login,0.000000,0.000000,0,0,0,0,0,0,0,0,0,0,0,20,0,420.0,449.97293500018714,414.66099999888684,505.34000000334345,1312.0
1760583521,20,GET,/search?q=incidente,5.100000,0.000000,20,45,74,130,420,660,860,860,860,860,860,519,0,19,59.90564123310759,10.291200000210665,989.287599997624,24.0
1760583521,20,GET,/search?q=runbook,0.000000,0.000000,0,0,0,0,0,0,0,0,0,0,0,20,0,33,43.572089999724994,25.937300000805408,86.031599999842,24.0
1760583521,20,,Aggregated,5.100000,0.000000,20,45,74,130,420,660,860,860,860,860,860,559,0,21,73.27715259388387,10.291200000210665,989.287599997624,70.08228980322004
1760583522,20,POST,/auth/login,0.000000,0.000000,0,0,0,0,0,0,0,0,0,0,0,20,0,420.0,449.97293500018714,414.66099999888684,505.34000000334345,1312.0
1760583522,20,GET,/search?q=incidente,5.300000,0.000000,20,45,74,130,420,660,860,860,860,860,860,523,0,19,59.58995430207026,10.291200000210665,989.287599997624,24.0
1760583522,20,GET,/search?q=runbook,0.000000,0.000000,0,0,0,0,0,0,0,0,0,0,0,20,0,33,43.572089999724994,25.937300000805408,86.031599999842,24.0
1760583522,20,,Aggregated,5.300000,0.000000,20,45,74,130,420,660,860,860,860,860,860,563,0,21,72.8888927175506,10.291200000210665,989.287599997624,69.75488454706927
1760583523,20,POST,/auth/login,0.000000,0.000000,0,0,0,0,0,0,0,0,0,0,0,20,0,420.0,449.97293500018714,414.66099999888684,505.34000000334345,1312.0
1760583523,20,GET,/search?q=incidente,5.100000,0.000000,18,30,49,65,210,320,450,450,450,450,450,530,0,19,59.54132698111007,10.291200000210665,989.287599997624,24.0
1760583523,20,GET,/search?q=runbook,0.000000,0.000000,0,0,0,0,0,0,0,0,0,0,0,20,0,33,43.572089999724994,25.937300000805408,86.031599999842,24.0
1760583523,20,,Aggregated,5.100000,0.000000,18,30,49,65,210,320,450,450,450,450,450,570,0,21,72.6803575438361,10.291200000210665,989.287599997624,69.19298245614036
1760583524,20,POST,/auth/login,0.000000,0.000000,0,0,0,0,0,0,0,0,0,0,0,20,0,420.0,449.97293500018714,414.66099999888684,505.34000000334345,1312.0
1760583524,20,GET,/search?q=incidente,5.400000,0.000000,17,28,45,65,210,320,450,450,450,450,450,533,0,19,59.31280975607869,10.291200000210665,989.287599997624,24.0
1760583524,20,GET,/search?q=runbook,0.000000,0.000000,0,0,0,0,0,0,0,0,0,0,0,20,0,33,43.572089999724994,25.937300000805408,86.031599999842,24.0
1760583524,20,,Aggregated,5.400000,0.000000,17,28,45,65,210,320,450,450,450,450,450,573,0,21,72.39900191970015,10.291200000210665,989.287599997624,68.956369982548
1760583525,20,POST,/auth/login,0.000000,0.000000,0,0,0,0,0,0,0,0,0,0,0,20,0,420.0,449.97293500018714,414.66099999888684,505.34000000334345,1312.0
1760583525,20,GET,/search?q=incidente,5.000000,0.000000,18,28,45,110,210,320,450,450,450,450,450,538,0,19,58.936473420051016,10.291200000210665,989.287599997624,24.0
1760583525,20,GET,/search?q=runbook,0.000000,0.000000,0,0,0,0,0,0,0,0,0,0,0,20,0,33,43.572089999724994,25.937300000805408,86.031599999842,24.0
1760583525,20,,Aggregated,5.000000,0.000000,18,28,45,110,210,320,450,450,450,450,450,578,0,21,71.93550726641122,10.291200000210665,989.287599997624,68.5674740484429
1760583526,20,POST,/auth/login,0.000000,0.000000,0,0,0,0,0,0,0,0,0,0,0,20,0,420.0,449.97293500018714,414.66099999888684,505.34000000334345,1312.0
1760583526,20,GET,/search?q=incidente,5.300000,0.000000,20,33,47,65,180,320,450,450,450,450,450,539,0,19,58.91383710572823,10.291200000210665,989.287599997624,24.0
1760583526,20,GET,/search?q=runbook,0.000000,0.000000,0,0,0,0,0,0,0,0,0,0,0,20,0,33,43.572089999724994,25.937300000805408,86.031599999842,24.0
1760583526,20,,Aggregated,5.300000,0.000000,20,33,47,65,180,320,450,450,450,450,450,579,0,21,71.89198393779924,10.291200000210665,989.287599997624,68.49050086355786
1760583527,20,POST,/auth/login,0.000000,0.000000,0,0,0,0,0,0,0,0,0,0,0,20,0,420.0,449.97293500018714,414.66099999888684,505.34000000334345,1312.0
1760583527,20,GET,/search?q=incidente,5.100000,0.000000,25,60,130,320,860,1000,1100,1100,1100,1100,1100,547,0,19,68.14577477145919,10.291200000210665,1055.228099998203,24.0
1760583527,20,GET,/search?q=runbook,0.000000,0.000000,0,0,0,0,0,0,0,0,0,0,0,20,0,33,43.572089999724994,25.937300000805408,86.031599999842,24.0
1760583527,20,,Aggregated,5.100000,0.000000,25,60,130,320,860,1000,1100,1100,1100,1100,1100,587,0,21,80.31795451445727,10.291200000210665,1055.228099998203,67.88415672913118
1760583528,20,POST,/auth/login,0.000000,0.000000,0,0,0,0,0,0,0,0,0,0,0,20,0,420.0,449.97293500018714,414.66099999888684,505.34000000334345,1312.0
1760583528,20,GET,/search?q=incidente,4.600000,0.000000,21,33,60,110,860,1000,1100,1100,1100,1100,1100,551,0,19,67.77918529943167,10.291200000210665,1055.228099998203,24.0
1760583528,20,GET,/search?q=runbook,0.000000,0.000000,0,0,0,0,0,0,0,0,0,0,0,20,0,33,43.572089999724994,25.937300000805408,86.031599999842,24.0
1760583528,20,,Aggregated,4.600000,0.000000,21,33,60,110,860,1000,1100,1100,1100,1100,1100,591,0,21,79.8937928933758,10.291200000210665,1055.228099998203,67.58714043993231
1760583529,20,POST,/auth/login,0.000000,0.000000,0,0,0,0,0,0,0,0,0,0,0,20,0,420.0,449.97293500018714,414.66099999888684,505.34000000334345,1312.0
1760583529,20,GET,/search?q=incidente,4.600000,0.000000,25,33,60,110,860,1000,1100,1100,1100,1100,1100,554,0,19,67.51534584835211,10.291200000210665,1055.228099998203,24.0
1760583529,20,GET,/search?q=runbook,0.000000,0.000000,0,0,0,0,0,0,0,0,0,0,0,20,0,33,43.572089999724994,25.937300000805408,86.031599999842,24.0
1760583529,20,,Aggregated,4.600000,0.000000,25,33,60,110,860,1000,1100,1100,1100,1100,1100,594,0,21,79.5865355218608,10.291200000210665,1055.228099998203,67.36700336700336
1760583530,20,POST,/auth/login,0.000000,0.000000,0,0,0,0,0,0,0,0,0,0,0,20,0,420.0,449.97293500018714,414.66099999888684,505.34000000334345,1312.0
1760583530,20,GET,/search?q=incidente,4.900000,0.000000,25,33,60,110,900,1000,1100,1100,1100,1100,1100,556,0,19,67.34666942443353,10.291200000210665,1055.228099998203,24.0
1760583530,20,GET,/search?q=runbook,0.000000,0.000000,0,0,0,0,0,0,0,0,0,0,0,20,0,33,43.572089999724994,25.937300000805408,86.031599999842,24.0
1760583530,20,,Aggregated,4.900000,0.000000,25,33,60,110,900,1000,1100,1100,1100,1100,1100,596,0,21,79.3886723154082,10.291200000210665,1055.228099998203,67.22147651006712
1760583531,20,POST,/auth/login,0.000000,0.000000,0,0,0,0,0,0,0,0,0,0,0,20,0,420.0,449.97293500018714,414.66099999888684,505.34000000334345,1312.0
1760583531,20,GET,/search?q=incidente,4.800000,0.000000,21,33,47,65,860,1000,1100,1100,1100,1100,1100,564,0,19,66.67443989358972,10.291200000210665,1055.228099998203,24.0
1760583531,20,GET,/search?q=runbook,0.000000,0.000000,0,0,0,0,0,0,0,0,0,0,0,20,0,33,43.572089999724994,25.937300000805408,86.031599999842,24.0
1760583531,20,,Aggregated,4.800000,0.000000,21,33,47,65,860,1000,1100,1100,1100,1100,1100,604,0,21,78.60146456950801,10.291200000210665,1055.228099998203,66.64900662251655
1760583532,20,POST,/auth/login,0.000000,0.000000,0,0,0,0,0,0,0,0,0,0,0,20,0,420.0,449.97293500018714,414.66099999888684,505.34000000334345,1312.0
1760583532,20,GET,/search?q=incidente,4.600000,0.000000,21,31,34,60,900,1000,1100,1100,1100,1100,1100,565,0,19,66.58332088492931,10.291200000210665,1055.228099998203,24.0
1760583532,20,GET,/search?q=runbook,0.000000,0.000000,0,0,0,0,0,0,0,0,0,0,0,20,0,33,43.572089999724994,25.937300000805408,86.031599999842,24.0
1760583532,20,,Aggregated,4.600000,0.000000,21,31,34,60,900,1000,1100,1100,1100,1100,1100,605,0,21,78.49665586774098,10.291200000210665,1055.228099998203,66.57851239669421
1760583533,20,POST,/auth/login,0.000000,0.000000,0,0,0,0,0,0,0,0,0,0,0,20,0,420.0,449.97293500018714,414.66099999888684,505.34000000334345,1312.0
1760583533,20,GET,/search?q=incidente,4.500000,0.000000,25,47,220,590,860,1000,1100,1100,1100,1100,1100,577,0,20,70.54170294625406,10.291200000210665,1055.228099998203,24.0
1760583533,20,GET,/search?q=runbook,0.000000,0.000000,0,0,0,0,0,0,0,0,0,0,0,20,0,33,43.572089999724994,25.937300000805408,86.031599999842,24.0
1760583533,20,,Aggregated,4.500000,0.000000,25,47,220,590,860,1000,1100,1100,1100,1100,1100,617,0,21,81.96671491083767,10.291200000210665,1055.228099998203,65.75040518638573
1760583534,20,POST,/auth/login,0.000000,0.000000,0,0,0,0,0,0,0,0,0,0,0,20,0,420.0,449.97293500018714,414.66099999888684,505.34000000334345,1312.0
1760583534,20,GET,/search?q=incidente,4.200000,0.000000,30,47,220,590,860,1000,1100,1100,1100,1100,1100,582,0,20,70.19140738829736,10.291200000210665,1055.228099998203,24.0
1760583534,20,GET,/search?q=runbook,0.000000,0.000000,0,0,0,0,0,0,0,0,0,0,0,20,0,33,43.572089999724994,25.937300000805408,86.031599999842,24.0
1760583534,20,,Aggregated,4.200000,0.000000,30,47,220,590,860,1000,1100,1100,1100,1100,1100,622,0,21,81.54710546621754,10.291200000210665,1055.228099998203,65.41479099678456
1760583535,20,POST,/auth/login,0.000000,0.000000,0,0,0,0,0,0,0,0,0,0,0,20,0,420.0,449.97293500018714,414.66099999888684,505.34000000334345,1312.0
1760583535,20,GET,/search?q=incidente,4.200000,0.000000,28,37,190,380,860,1000,1100,1100,1100,1100,1100,585,0,20,69.9408270085318,10.291200000210665,1055.228099998203,24.0
1760583535,20,GET,/search?q=runbook,0.000000,0.000000,0,0,0,0,0,0,0,0,0,0,0,20,0,33,43.572089999724994,25.937300000805408,86.031599999842,24.0
1760583535,20,,Aggregated,4.200000,0.000000,28,37,190,380,860,1000,1100,1100,1100,1100,1100,625,0,21,81.25805487998295,10.291200000210665,1055.228099998203,65.216
1760583536,20,POST,/auth/login,0.000000,0.000000,0,0,0,0,0,0,0,0,0,0,0,20,0,420.0,449.97293500018714,414.66099999888684,505.34000000334345,1312.0
1760583536,20,GET,/search?q=incidente,4.800000,0.000000,24,31,37,42,380,630,780,780,780,780,780,587,0,20,69.7945880749453,10.291200000210665,1055.228099998203,24.0
1760583536,20,GET,/search?q=runbook,0.000000,0.000000,0,0,0,0,0,0,0,0,0,0,0,20,0,33,43.572089999724994,25.937300000805408,86.031599999842,24.0
1760583536,20,,Aggregated,4.800000,0.000000,24,31,37,42,380,630,780,780,780,780,780,627,0,21,81.08504577351057,10.291200000210665,1055.228099998203,65.08452950558214
1760583537,20,POST,/auth/login,0.000000,0.000000,0,0,0,0,0,0,0,0,0,0,0,20,0,420.0,449.97293500018714,414.66099999888684,505.34000000334345,1312.0
1760583537,20,GET,/search?q=incidente,4.800000,0.000000,24,32,39,42,220,590,780,780,780,780,780,592,0,20,69.42078361485811,10.291200000210665,1055.228099998203,24.0
1760583537,20,GET,/search?q=runbook,0.000000,0.000000,0,0,0,0,0,0,0,0,0,0,0,20,0,33,43.572089999724994,25.937300000805408,86.031599999842,24.0
1760583537,20,,Aggregated,4.800000,0.000000,24,32,39,42,220,590,780,780,780,780,780,632,0,21,80.64557658226937,10.291200000210665,1055.228099998203,64.75949367088607
1760583538,20,POST,/auth/login,0.000000,0.000000,0,0,0,0,0,0,0,0,0,0,0,20,0,420.0,449.97293500018714,414.66099999888684,505.34000000334345,1312.0
1760583538,20,GET,/search?q=incidente,4.700000,0.000000,22,30,37,42,220,590,780,780,780,780,780,600,0,19,68.69902683332232,10.291200000210665,1055.228099998203,24.0
1760583538,20,GET,/search?q=runbook,0.000000,0.000000,0,0,0,0,0,0,0,0,0,0,0,20,0,33,43.572089999724994,25.937300000805408,86.031599999842,24.0
1760583538,20,,Aggregated,4.700000,0.000000,22,30,37,42,220,590,780,780,780,780,780,640,0,21,79.82861968748693,10.291200000210665,1055.228099998203,64.25
1760583539,20,POST,/auth/login,0.000000,0.000000,0,0,0,0,0,0,0,0,0,0,0,20,0,420.0,449.97293500018714,414.66099999888684,505.34000000334345,1312.0
1760583539,20,GET,/search?q=incidente,4.500000,0.000000,22,32,37,42,220,590,780,780,780,780,780,605,0,20,68.35686545454044,10.291200000210665,1055.228099998203,24.0
1760583539,20,GET,/search?q=runbook,0.000000,0.000000,0,0,0,0,0,0,0,0,0,0,0,20,0,33,43.572089999724994,25.937300000805408,86.031599999842,24.0
1760583539,20,,Aggregated,4.500000,0.000000,22,32,37,42,220,590,780,780,780,780,780,645,0,21,79.42140170541893,10.291200000210665,1055.228099998203,63.93798449612403
1760583540,20,POST,/auth/login,0.000000,0.000000,0,0,0,0,0,0,0,0,0,0,0,20,0,420.0,449.97293500018714,414.66099999888684,505.34000000334345,1312.0
1760583540,20,GET,/search?q=incidente,4.700000,0.000000,24,33,42,46,220,590,780,780,780,780,780,608,0,19,68.09640970394818,10.291200000210665,1055.228099998203,24.0
1760583540,20,GET,/search?q=runbook,0.000000,0.000000,0,0,0,0,0,0,0,0,0,0,0,20,0,33,43.572089999724994,25.937300000805408,86.031599999842,24.0
1760583540,20,,Aggregated,4.700000,0.000000,24,33,42,46,220,590,780,780,780,780,780,648,0,21,79.12579876543016,10.291200000210665,1055.228099998203,63.75308641975309
1760583541,20,POST,/auth/login,0.000000,0.000000,0,0,0,0,0,0,0,0,0,0,0,20,0,420.0,449.97293500018714,414.66099999888684,505.34000000334345,1312.0
1760583541,20,GET,/search?q=incidente,4.700000,0.000000,25,37,42,46,220,590,780,780,780,780,780,611,0,20,67.98184320785444,10.291200000210665,1055.228099998203,24.0
1760583541,20,GET,/search?q=runbook,0.000000,0.000000,0,0,0,0,0,0,0,0,0,0,0,20,0,33,43.572089999724994,25.937300000805408,86.031599999842,24.0
1760583541,20,,Aggregated,4.700000,0.000000,25,37,42,46,220,590,780,780,780,780,780,651,0,21,78.96744500767636,10.291200000210665,1055.228099998203,63.56989247311828
1760583542,20,POST,/auth/login,0.000000,0.000000,0,0,0,0,0,0,0,0,0,0,0,20,0,420.0,449.97293500018714,414.66099999888684,505.34000000334345,1312.0
1760583542,20,GET,/search?q=incidente,5.100000,0.000000,18,28,30,33,42,46,56,56,56,56,56,615,0,19,67.64828991869534,10.291200000210665,1055.228099998203,24.0
1760583542,20,GET,/search?q=runbook,0.000000,0.000000,0,0,0,0,0,0,0,0,0,0,0,20,0,33,43.572089999724994,25.937300000805408,86.031599999842,24.0
1760583542,20,,Aggregated,5.100000,0.000000,18,28,30,33,42,46,56,56,56,56,56,655,0,21,78.58717374045172,10.291200000210665,1055.228099998203,63.32824427480916
1760583543,20,POST,/auth/login,0.000000,0.000000,0,0,0,0,0,0,0,0,0,0,0,20,0,420.0,449.97293500018714,414.66099999888684,505.34000000334345,1312.0
1760583543,20,GET,/search?q=incidente,5.100000,0.000000,15,20,28,33,46,54,56,56,56,56,56,620,0,19,67.20891258064512,10.291200000210665,1055.228099998203,24.0
1760583543,20,GET,/search?q=runbook,0.000000,0.000000,0,0,0,0,0,0,0,0,0,0,0,20,0,33,43.572089999724994,25.937300000805408,86.031599999842,24.0
1760583543,20,,Aggregated,5.100000,0.000000,15,20,28,33,46,54,56,56,56,56,56,660,0,21,78.0915549999973,10.291200000210665,1055.228099998203,63.03030303030303
1760583544,20,POST,/auth/login,0.000000,0.000000,0,0,0,0,0,0,0,0,0,0,0,20,0,420.0,449.97293500018714,414.66099999888684,505.34000000334345,1312.0
1760583544,20,GET,/search?q=incidente,4.800000,0.000000,18,27,33,42,46,48,56,56,56,56,56,627,0,19,66.81702121212123,10.291200000210665,1055.228099998203,24.0
1760583544,20,GET,/search?q=runbook,0.000000,0.000000,0,0,0,0,0,0,0,0,0,0,0,20,0,33,43.572089999724994,25.937300000805408,86.031599999842,24.0
1760583544,20,,Aggregated,4.800000,0.000000,18,27,33,42,46,48,56,56,56,56,56,667,0,21,77.60895472263606,10.291200000210665,1055.228099998203,62.62068965517241
1760583545,20,POST,/auth/login,0.000000,0.000000,0,0,0,0,0,0,0,0,0,0,0,20,0,420.0,449.97293500018714,414.66099999888684,505.34000000334345,1312.0
1760583545,20,GET,/search?q=incidente,4.600000,0.000000,18,28,33,42,48,52,56,56,56,56,56,633,0,19,66.45766729858398,10.291200000210665,1055.228099998203,24.0
1760583545,20,GET,/search?q=runbook,0.000000,0.000000,0,0,0,0,0,0,0,0,0,0,0,20,0,33,43.572089999724994,25.937300000805408,86.031599999842,24.0
1760583545,20,,Aggregated,4.600000,0.000000,18,28,33,42,48,52,56,56,56,56,56,673,0,21,77.17474576523314,10.291200000210665,1055.228099998203,62.27637444279346
1760583546,20,POST,/auth/login,0.000000,0.000000,0,0,0,0,0,0,0,0,0,0,0,20,0,420.0,449.97293500018714,414.66099999888684,505.34000000334345,1312.0
1760583546,20,GET,/search?q=incidente,4.600000,0.000000,18,27,32,33,48,52,56,56,56,56,56,635,0,19,66.2906637795301,10.291200000210665,1055.228099998203,24.0
1760583546,20,GET,/search?q=runbook,0.000000,0.000000,0,0,0,0,0,0,0,0,0,0,0,20,0,33,43.572089999724994,25.937300000805408,86.031599999842,24.0
1760583546,20,,Aggregated,4.600000,0.000000,18,27,32,33,48,52,56,56,56,56,56,675,0,21,76.98588444444424,10.291200000210665,1055.228099998203,62.162962962962965
1760583547,20,POST,/auth/login,0.000000,0.000000,0,0,0,0,0,0,0,0,0,0,0,20,0,420.0,449.97293500018714,414.66099999888684,505.34000000334345,1312.0
1760583547,20,GET,/search?q=incidente,4.400000,0.000000,18,28,32,33,48,52,56,56,56,56,56,638,0,19,66.0709871473362,10.291200000210665,1055.228099998203,24.0
1760583547,20,GET,/search?q=runbook,0.000000,0.000000,0,0,0,0,0,0,0,0,0,0,0,20,0,33,43.572089999724994,25.937300000805408,86.031599999842,24.0
1760583547,20,,Aggregated,4.400000,0.000000,18,28,32,33,48,52,56,56,56,56,56,678,0,21,76.73184410029312,10.291200000210665,1055.228099998203,61.99410029498525
1760583548,20,POST,/auth/login,0.000000,0.000000,0,0,0,0,0,0,0,0,0,0,0,20,0,420.0,449.97293500018714,414.66099999888684,505.34000000334345,1312.0
1760583548,20,GET,/search?q=incidente,4.300000,0.000000,19,28,42,46,56,550,780,780,780,780,780,643,0,19,68.07313079314874,10.291200000210665,1055.228099998203,24.0
1760583548,20,GET,/search?q=runbook,0.000000,0.000000,0,0,0,0,0,0,0,0,0,0,0,20,0,33,43.572089999724994,25.937300000805408,86.031599999842,24.0
1760583548,20,,Aggregated,4.300000,0.000000,19,28,42,46,56,550,780,780,780,780,780,683,0,21,78.53868755489441,10.291200000210665,1055.228099998203,61.71595900439239
1760583549,20,POST,/auth/login,0.000000,0.000000,0,0,0,0,0,0,0,0,0,0,0,20,0,420.0,449.97293500018714,414.66099999888684,505.34000000334345,1312.0
1760583549,20,GET,/search?q=incidente,4.600000,0.000000,20,32,42,46,56,550,780,780,780,780,780,644,0,19,68.02521630433718,10.291200000210665,1055.228099998203,24.0
1760583549,20,GET,/search?q=runbook,0.000000,0.000000,0,0,0,0,0,0,0,0,0,0,0,20,0,33,43.572089999724994,25.937300000805408,86.031599999842,24.0
1760583549,20,,Aggregated,4.600000,0.000000,20,32,42,46,56,550,780,780,780,780,780,684,0,21,78.47827456139092,10.291200000210665,1055.228099998203,61.66081871345029
1760583550,20,POST,/auth/login,0.000000,0.000000,0,0,0,0,0,0,0,0,0,0,0,20,0,420.0,449.97293500018714,414.66099999888684,505.34000000334345,1312.0
1760583550,20,GET,/search?q=incidente,4.600000,0.000000,19,28,32,37,48,250,780,780,780,780,780,652,0,19,67.44331763803513,10.291200000210665,1055.228099998203,24.0
1760583550,20,GET,/search?q=runbook,0.000000,0.000000,0,0,0,0,0,0,0,0,0,0,0,20,0,33,43.572089999724994,25.937300000805408,86.031599999842,24.0
1760583550,20,,Aggregated,4.600000,0.000000,19,28,32,37,48,250,780,780,780,780,780,692,0,21,77.80916705201899,10.291200000210665,1055.228099998203,61.225433526011564
1760583551,20,POST,/auth/login,0.000000,0.000000,0,0,0,0,0,0,0,0,0,0,0,20,0,420.0,449.97293500018714,414.66099999888684,505.34000000334345,1312.0
1760583551,20,GET,/search?q=incidente,3.900000,0.000000,20,28,32,37,48,250,780,780,780,780,780,656,0,20,67.1582800304871,10.291200000210665,1055.228099998203,24.0
1760583551,20,GET,/search?q=runbook,0.000000,0.000000,0,0,0,0,0,0,0,0,0,0,0,20,0,33,43.572089999724994,25.937300000805408,86.031599999842,24.0
1760583551,20,,Aggregated,3.900000,0.000000,20,28,32,37,48,250,780,780,780,780,780,696,0,21,77.48093706896233,10.291200000210665,1055.228099998203,61.01149425287356
1760583552,20,POST,/auth/login,0.000000,0.000000,0,0,0,0,0,0,0,0,0,0,0,20,0,420.0,449.97293500018714,414.66099999888684,505.34000000334345,1312.0
1760583552,20,GET,/search?q=incidente,4.100000,0.000000,21,29,32,42,48,250,780,780,780,780,780,665,0,19,66.52337909773293,10.291200000210665,1055.228099998203,24.0
1760583552,20,GET,/search?q=runbook,0.000000,0.000000,0,0,0,0,0,0,0,0,0,0,0,20,0,33,43.572089999724994,25.937300000805408,86.031599999842,24.0
1760583552,20,,Aggregated,4.100000,0.000000,21,29,32,42,48,250,780,780,780,780,780,705,0,21,76.75028028367467,10.291200000210665,1055.228099998203,60.53900709219858
1760583553,20,POST,/auth/login,0.000000,0.000000,0,0,0,0,0,0,0,0,0,0,0,20,0,420.0,449.97293500018714,414.66099999888684,505.34000000334345,1312.0
1760583553,20,GET,/search?q=incidente,4.300000,0.000000,20,28,32,37,48,250,780,780,780,780,780,671,0,20,66.18514098359314,10.291200000210665,1055.228099998203,24.0
1760583553,20,GET,/search?q=runbook,0.000000,0.000000,0,0,0,0,0,0,0,0,0,0,0,20,0,33,43.572089999724994,25.937300000805408,86.031599999842,24.0
1760583553,20,,Aggregated,4.300000,0.000000,20,28,32,37,48,250,780,780,780,780,780,711,0,21,76.3447680731213,10.291200000210665,1055.228099998203,60.23066104078762
1760583554,20,POST,/auth/login,0.000000,0.000000,0,0,0,0,0,0,0,0,0,0,0,20,0,420.0,449.97293500018714,414.66099999888684,505.34000000334345,1312.0
1760583554,20,GET,/search?q=incidente,4.800000,0.000000,21,29,33,37,48,250,780,780,780,780,780,674,0,19,65.98450727001998,10.291200000210665,1055.228099998203,24.0
1760583554,20,GET,/search?q=runbook,0.000000,0.000000,0,0,0,0,0,0,0,0,0,0,0,20,0,33,43.572089999724994,25.937300000805408,86.031599999842,24.0
1760583554,20,,Aggregated,4.800000,0.000000,21,29,33,37,48,250,780,780,780,780,780,714,0,21,76.11268683472228,10.291200000210665,1055.228099998203,60.07843137254902
1760583555,20,POST,/auth/login,0.000000,0.000000,0,0,0,0,0,0,0,0,0,0,0,20,0,420.0,449.97293500018714,414.66099999888684,505.34000000334345,1312.0
1760583555,20,GET,/search?q=incidente,4.900000,0.000000,21,29,33,37,45,250,780,780,780,780,780,677,0,20,65.8241288035445,10.291200000210665,1055.228099998203,24.0
1760583555,20,GET,/search?q=runbook,0.000000,0.000000,0,0,0,0,0,0,0,0,0,0,0,20,0,33,43.572089999724994,25.937300000805408,86.031599999842,24.0
1760583555,20,,Aggregated,4.900000,0.000000,21,29,33,37,45,250,780,780,780,780,780,717,0,21,75.91887824267485,10.291200000210665,1055.228099998203,59.92747559274756
1760583556,20,POST,/auth/login,0.000000,0.000000,0,0,0,0,0,0,0,0,0,0,0,20,0,420.0,449.97293500018714,414.66099999888684,505.34000000334345,1312.0
1760583556,20,GET,/search?q=incidente,4.700000,0.000000,21,32,37,42,51,250,780,780,780,780,780,682,0,19,65.56663577712483,10.291200000210665,1055.228099998203,24.0
1760583556,20,GET,/search?q=runbook,0.000000,0.000000,0,0,0,0,0,0,0,0,0,0,0,20,0,33,43.572089999724994,25.937300000805408,86.031599999842,24.0
1760583556,20,,Aggregated,4.700000,0.000000,21,32,37,42,51,250,780,780,780,780,780,722,0,21,75.60574252077198,10.291200000210665,1055.228099998203,59.6786703601108
1760583557,20,POST,/auth/login,0.000000,0.000000,0,0,0,0,0,0,0,0,0,0,0,20,0,420.0,449.97293500018714,414.66099999888684,505.34000000334345,1312.0
1760583557,20,GET,/search?q=incidente,4.800000,0.000000,21,32,38,42,56,250,550,780,780,780,780,689,0,20,65.25331727140649,10.291200000210665,1055.228099998203,24.0
1760583557,20,GET,/search?q=runbook,0.000000,0.000000,0,0,0,0,0,0,0,0,0,0,0,20,0,33,43.572089999724994,25.937300000805408,86.031599999842,24.0
1760583557,20,,Aggregated,4.800000,0.000000,21,32,38,42,56,250,550,780,780,780,780,729,0,21,75.21321824416641,10.291200000210665,1055.228099998203,59.3360768175583
1760583558,20,POST,/auth/login,0.000000,0.000000,0,0,0,0,0,0,0,0,0,0,0,20,0,420.0,449.97293500018714,414.66099999888684,505.34000000334345,1312.0
1760583558,20,GET,/search?q=incidente,4.600000,0.000000,19,30,35,37,45,56,58,62,62,62,62,694,0,19,64.91323904898539,10.291200000210665,1055.228099998203,24.0
1760583558,20,GET,/search?q=runbook,0.000000,0.000000,0,0,0,0,0,0,0,0,0,0,0,20,0,33,43.572089999724994,25.937300000805408,86.031599999842,24.0
1760583558,20,,Aggregated,4.600000,0.000000,19,30,35,37,45,56,58,62,62,62,62,734,0,21,74.82382615803012,10.291200000210665,1055.228099998203,59.095367847411445
1760583559,20,POST,/auth/login,0.000000,0.000000,0,0,0,0,0,0,0,0,0,0,0,20,0,420.0,449.97293500018714,414.66099999888684,505.34000000334345,1312.0
1760583559,20,GET,/search?q=incidente,4.800000,0.000000,21,32,35,37,45,56,58,62,62,62,62,700,0,20,64.57856100000625,10.291200000210665,1055.228099998203,24.0
1760583559,20,GET,/search?q=runbook,0.000000,0.000000,0,0,0,0,0,0,0,0,0,0,0,20,0,33,43.572089999724994,25.937300000805408,86.031599999842,24.0
1760583559,20,,Aggregated,4.800000,0.000000,21,32,35,37,45,56,58,62,62,62,62,740,0,21,74.42688270270624,10.291200000210665,1055.228099998203,58.810810810810814
1760583560,20,POST,/auth/login,0.000000,0.000000,0,0,0,0,0,0,0,0,0,0,0,20,0,420.0,449.97293500018714,414.66099999888684,505.34000000334345,1312.0
1760583560,20,GET,/search?q=incidente,5.000000,0.000000,21,32,35,38,46,56,62,62,62,62,62,704,0,20,64.33017798296056,10.291200000210665,1055.228099998203,24.0
1760583560,20,GET,/search?q=runbook,0.000000,0.000000,0,0,0,0,0,0,0,0,0,0,0,20,0,33,43.572089999724994,25.937300000805408,86.031599999842,24.0
1760583560,20,,Aggregated,5.000000,0.000000,21,32,35,38,46,56,62,62,62,62,62,744,0,21,74.13890564516463,10.291200000210665,1055.228099998203,58.623655913978496
1760583561,20,POST,/auth/login,0.000000,0.000000,0,0,0,0,0,0,0,0,0,0,0,20,0,420.0,449.97293500018714,414.66099999888684,505.34000000334345,1312.0
1760583561,20,GET,/search?q=incidente,5.300000,0.000000,21,29,35,37,46,56,62,62,62,62,62,709,0,20,64.03003131171599,10.291200000210665,1055.228099998203,24.0
1760583561,20,GET,/search?q=runbook,0.000000,0.000000,0,0,0,0,0,0,0,0,0,0,0,20,0,33,43.572089999724994,25.937300000805408,86.031599999842,24.0
1760583561,20,,Aggregated,5.300000,0.000000,21,29,35,37,46,56,62,62,62,62,62,749,0,21,73.7893093458009,10.291200000210665,1055.228099998203,58.39252336448598
1760583562,20,POST,/auth/login,0.000000,0.000000,0,0,0,0,0,0,0,0,0,0,0,20,0,420.0,449.97293500018714,414.66099999888684,505.34000000334345,1312.0
1760583562,20,GET,/search?q=incidente,5.300000,0.000000,24,29,35,38,46,56,62,62,62,62,62,711,0,20,63.89849381154067,10.291200000210665,1055.228099998203,24.0
1760583562,20,GET,/search?q=runbook,0.000000,0.000000,0,0,0,0,0,0,0,0,0,0,0,20,0,33,43.572089999724994,25.937300000805408,86.031599999842,24.0
1760583562,20,,Aggregated,5.300000,0.000000,24,29,35,38,46,56,62,62,62,62,62,751,0,21,73.63878774967198,10.291200000210665,1055.228099998203,58.30093209054594
1760583563,20,POST,/auth/login,0.000000,0.000000,0,0,0,0,0,0,0,0,0,0,0,20,0,420.0,449.97293500018714,414.66099999888684,505.34000000334345,1312.0
1760583563,20,GET,/search?q=incidente,5.300000,0.000000,19,26,29,34,46,56,62,62,62,62,62,717,0,19,63.481203347293615,10.291200000210665,1055.228099998203,24.0
1760583563,20,GET,/search?q=runbook,0.000000,0.000000,0,0,0,0,0,0,0,0,0,0,0,20,0,33,43.572089999724994,25.937300000805408,86.031599999842,24.0
1760583563,20,,Aggregated,5.300000,0.000000,19,26,29,34,46,56,62,62,62,62,62,757,0,21,73.1663451783458,10.291200000210665,1055.228099998203,58.02906208718626
1760583564,20,POST,/auth/login,0.000000,0.000000,0,0,0,0,0,0,0,0,0,0,0,20,0,420.0,449.97293500018714,414.66099999888684,505.34000000334345,1312.0
1760583564,20,GET,/search?q=incidente,5.000000,0.000000,19,28,30,33,38,56,62,62,62,62,62,720,0,19,63.33501263890058,10.291200000210665,1055.228099998203,24.0
1760583564,20,GET,/search?q=runbook,0.000000,0.000000,0,0,0,0,0,0,0,0,0,0,0,20,0,33,43.572089999724994,25.937300000805408,86.031599999842,24.0
1760583564,20,,Aggregated,5.000000,0.000000,19,28,30,33,38,56,62,62,62,62,62,760,0,21,72.9896178947456,10.291200000210665,1055.228099998203,57.89473684210526
1760583565,20,POST,/auth/login,0.000000,0.000000,0,0,0,0,0,0,0,0,0,0,0,20,0,420.0,449.97293500018714,414.66099999888684,505.34000000334345,1312.0
1760583565,20,GET,/search?q=incidente,4.600000,0.000000,19,27,29,32,35,39,62,62,62,62,62,726,0,19,62.97922699725286,10.291200000210665,1055.228099998203,24.0
1760583565,20,GET,/search?q=runbook,0.000000,0.000000,0,0,0,0,0,0,0,0,0,0,0,20,0,33,43.572089999724994,25.937300000805408,86.031599999842,24.0
1760583565,20,,Aggregated,4.600000,0.000000,19,27,29,32,35,39,62,62,62,62,62,766,0,21,72.57678759791621,10.291200000210665,1055.228099998203,57.62924281984334
1760583566,20,POST,/auth/login,0.000000,0.000000,0,0,0,0,0,0,0,0,0,0,0,20,0,420.0,449.97293500018714,414.66099999888684,505.34000000334345,1312.0
1760583566,20,GET,/search?q=incidente,4.600000,0.000000,19,27,28,29,35,39,62,62,62,62,62,727,0,19,62.90965103164284,10.291200000210665,1055.228099998203,24.0
1760583566,20,GET,/search?q=runbook,0.000000,0.000000,0,0,0,0,0,0,0,0,0,0,0,20,0,33,43.572089999724994,25.937300000805408,86.031599999842,24.0
1760583566,20,,Aggregated,4.600000,0.000000,19,27,28,29,35,39,62,62,62,62,62,767,0,21,72.49832698826934,10.291200000210665,1055.228099998203,57.58539765319426
1760583567,20,POST,/auth/login,0.000000,0.000000,0,0,0,0,0,0,0,0,0,0,0,20,0,420.0,449.97293500018714,414.66099999888684,505.34000000334345,1312.0
1760583567,20,GET,/search?q=incidente,4.500000,0.000000,21,26,28,29,35,39,54,54,54,54,54,735,0,19,62.49831006803323,10.291200000210665,1055.228099998203,24.0
1760583567,20,GET,/search?q=runbook,0.000000,0.000000,0,0,0,0,0,0,0,0,0,0,0,20,0,33,43.572089999724994,25.937300000805408,86.031599999842,24.0
1760583567,20,,Aggregated,4.500000,0.000000,21,26,28,29,35,39,54,54,54,54,54,775,0,21,72.00923664516473,10.291200000210665,1055.228099998203,57.23870967741936
1760583568,20,POST,/auth/login,0.000000,0.000000,0,0,0,0,0,0,0,0,0,0,0,20,0,420.0,449.97293500018714,414.66099999888684,505.34000000334345,1312.0
1760583568,20,GET,/search?q=incidente,4.500000,0.000000,21,28,29,30,37,42,54,54,54,54,54,739,0,20,62.33868119080904,10.291200000210665,1055.228099998203,24.0
1760583568,20,GET,/search?q=runbook,0.000000,0.000000,0,0,0,0,0,0,0,0,0,0,0,20,0,33,43.572089999724994,25.937300000805408,86.031599999842,24.0
1760583568,20,,Aggregated,4.500000,0.000000,21,28,29,30,37,42,54,54,54,54,54,779,0,21,71.80896777921197,10.291200000210665,1055.228099998203,57.06803594351733
1760583569,20,POST,/auth/login,0.000000,0.000000,0,0,0,0,0,0,0,0,0,0,0,20,0,420.0,449.97293500018714,414.66099999888684,505.34000000334345,1312.0
1760583569,20,GET,/search?q=incidente,4.600000,0.000000,20,25,28,29,39,42,54,54,54,54,54,747,0,20,61.91061378850723,10.291200000210665,1055.228099998203,24.0
1760583569,20,GET,/search?q=runbook,0.000000,0.000000,0,0,0,0,0,0,0,0,0,0,0,20,0,33,43.572089999724994,25.937300000805408,86.031599999842,24.0
1760583569,20,,Aggregated,4.600000,0.000000,20,25,28,29,39,42,54,54,54,54,54,787,0,21,71.30639008896206,10.291200000210665,1055.228099998203,56.73189326556544
1760583570,20,POST,/auth/login,0.000000,0.000000,0,0,0,0,0,0,0,0,0,0,0,20,0,420.0,449.97293500018714,414.66099999888684,505.34000000334345,1312.0
1760583570,20,GET,/search?q=incidente,4.200000,0.000000,18,24,28,30,39,42,54,54,54,54,54,750,0,20,61.75060760001846,10.291200000210665,1055.228099998203,24.0
1760583570,20,GET,/search?q=runbook,0.000000,0.000000,0,0,0,0,0,0,0,0,0,0,0,20,0,33,43.572089999724994,25.937300000805408,86.031599999842,24.0
1760583570,20,,Aggregated,4.200000,0.000000,18,24,28,30,39,42,54,54,54,54,54,790,0,21,71.118805316471,10.291200000210665,1055.228099998203,56.607594936708864
1760583571,20,POST,/auth/login,0.000000,0.000000,0,0,0,0,0,0,0,0,0,0,0,20,0,420.0,449.97293500018714,414.66099999888684,505.34000000334345,1312.0
1760583571,20,GET,/search?q=incidente,4.600000,0.000000,18,25,27,30,39,42,54,54,54,54,54,757,0,20,61.34032840159001,10.291200000210665,1055.228099998203,24.0
1760583571,20,GET,/search?q=runbook,0.000000,0.000000,0,0,0,0,0,0,0,0,0,0,0,20,0,33,43.572089999724994,25.937300000805408,86.031599999842,24.0
1760583571,20,,Aggregated,4.600000,0.000000,18,25,27,30,39,42,54,54,54,54,54,797,0,21,70.64683701380412,10.291200000210665,1055.228099998203,56.32120451693852
1760583572,20,POST,/auth/login,0.000000,0.000000,0,0,0,0,0,0,0,0,0,0,0,20,0,420.0,449.97293500018714,414.66099999888684,505.34000000334345,1312.0
1760583572,20,GET,/search?q=incidente,4.700000,0.000000,22,25,27,30,39,42,54,54,54,54,54,761,0,20,61.13397858081831,10.291200000210665,1055.228099998203,24.0
1760583572,20,GET,/search?q=runbook,0.000000,0.000000,0,0,0,0,0,0,0,0,0,0,0,20,0,33,43.572089999724994,25.937300000805408,86.031599999842,24.0
1760583572,20,,Aggregated,4.700000,0.000000,22,25,27,30,39,42,54,54,54,54,54,801,0,21,70.40431735330958,10.291200000210665,1055.228099998203,56.15980024968789
1760583573,20,POST,/auth/login,0.000000,0.000000,0,0,0,0,0,0,0,0,0,0,0,20,0,420.0,449.97293500018714,414.66099999888684,505.34000000334345,1312.0
1760583573,20,GET,/search?q=incidente,4.700000,0.000000,19,24,27,27,37,42,53,54,54,54,54,770,0,19,60.5923094805177,10.291200000210665,1055.228099998203,24.0
1760583573,20,GET,/search?q=runbook,0.000000,0.000000,0,0,0,0,0,0,0,0,0,0,0,20,0,33,43.572089999724994,25.937300000805408,86.031599999842,24.0
1760583573,20,,Aggregated,4.700000,0.000000,19,24,27,27,37,42,53,54,54,54,54,810,0,21,69.78639358024304,10.291200000210665,1055.228099998203,55.80246913580247
1760583574,20,POST,/auth/login,0.000000,0.000000,0,0,0,0,0,0,0,0,0,0,0,20,0,420.0,449.97293500018714,414.66099999888684,505.34000000334345,1312.0
1760583574,20,GET,/search?q=incidente,4.700000,0.000000,18,23,25,27,37,42,53,54,54,54,54,775,0,19,60.299543741937434,10.291200000210665,1055.228099998203,24.0
1760583574,20,GET,/search?q=runbook,0.000000,0.000000,0,0,0,0,0,0,0,0,0,0,0,20,0,33,43.572089999724994,25.937300000805408,86.031599999842,24.0
1760583574,20,,Aggregated,4.700000,0.000000,18,23,25,27,37,42,53,54,54,54,54,815,0,20,69.45159128834325,10.291200000210665,1055.228099998203,55.607361963190186
1760583575,20,POST,/auth/login,0.000000,0.000000,0,0,0,0,0,0,0,0,0,0,0,20,0,420.0,449.97293500018714,414.66099999888684,505.34000000334345,1312.0
1760583575,20,GET,/search?q=incidente,4.900000,0.000000,18,23,25,30,37,44,53,54,54,54,54,781,0,19,60.030229961584794,10.291200000210665,1055.228099998203,24.0
1760583575,20,GET,/search?q=runbook,0.000000,0.000000,0,0,0,0,0,0,0,0,0,0,0,20,0,33,43.572089999724994,25.937300000805408,86.031599999842,24.0
1760583575,20,,Aggregated,4.900000,0.000000,18,23,25,30,37,44,53,54,54,54,54,821,0,20,69.12851412910592,10.291200000210665,1055.228099998203,55.37637028014616
1760583576,20,POST,/auth/login,0.000000,0.000000,0,0,0,0,0,0,0,0,0,0,0,20,0,420.0,449.97293500018714,414.66099999888684,505.34000000334345,1312.0
1760583576,20,GET,/search?q=incidente,5.200000,0.000000,18,24,27,30,37,44,53,54,54,54,54,784,0,19,59.845187882650194,10.291200000210665,1055.228099998203,24.0
1760583576,20,GET,/search?q=runbook,0.000000,0.000000,0,0,0,0,0,0,0,0,0,0,0,20,0,33,43.572089999724994,25.937300000805408,86.031599999842,24.0
1760583576,20,,Aggregated,5.200000,0.000000,18,24,27,30,37,44,53,54,54,54,54,824,0,20,68.91932985436407,10.291200000210665,1055.228099998203,55.262135922330096
1760583577,20,POST,/auth/login,0.000000,0.000000,0,0,0,0,0,0,0,0,0,0,0,20,0,420.0,449.97293500018714,414.66099999888684,505.34000000334345,1312.0
1760583577,20,GET,/search?q=incidente,5.600000,0.000000,17,22,25,27,36,42,44,48,48,48,48,791,0,19,59.48530480403465,10.291200000210665,1055.228099998203,24.0
1760583577,20,GET,/search?q=runbook,0.000000,0.000000,0,0,0,0,0,0,0,0,0,0,0,20,0,33,43.572089999724994,25.937300000805408,86.031599999842,24.0
1760583577,20,,Aggregated,5.600000,0.000000,17,22,25,27,36,42,44,48,48,48,48,831,0,20,68.50033285197311,10.291200000210665,1055.228099998203,54.998796630565586
1760583578,20,POST,/auth/login,0.000000,0.000000,0,0,0,0,0,0,0,0,0,0,0,20,0,420.0,449.97293500018714,414.66099999888684,505.34000000334345,1312.0
1760583578,20,GET,/search?q=incidente,5.500000,0.000000,15,18,24,27,36,41,44,48,48,48,48,795,0,19,59.32204415092304,10.291200000210665,1055.228099998203,24.0
1760583578,20,GET,/search?q=runbook,0.000000,0.000000,0,0,0,0,0,0,0,0,0,0,0,20,0,33,43.572089999724994,25.937300000805408,86.031599999842,24.0
1760583578,20,,Aggregated,5.500000,0.000000,15,18,24,27,36,41,44,48,48,48,48,835,0,20,68.30170730536774,10.291200000210665,1055.228099998203,54.8502994011976
1760583579,20,POST,/auth/login,0.000000,0.000000,0,0,0,0,0,0,0,0,0,0,0,20,0,420.0,449.97293500018714,414.66099999888684,505.34000000334345,1312.0
1760583579,20,GET,/search?q=incidente,5.600000,0.000000,14,18,22,25,33,40,44,48,48,48,48,803,0,19,58.889818804464774,10.291200000210665,1055.228099998203,24.0
1760583579,20,GET,/search?q=runbook,0.000000,0.000000,0,0,0,0,0,0,0,0,0,0,0,20,0,33,43.572089999724994,25.937300000805408,86.031599999842,24.0
1760583579,20,,Aggregated,5.600000,0.000000,14,18,22,25,33,40,44,48,48,48,48,843,0,20,67.8047746144525,10.291200000210665,1055.228099998203,54.55753262158956
1760583580,20,POST,/auth/login,0.000000,0.000000,0,0,0,0,0,0,0,0,0,0,0,20,0,420.0,449.97293500018714,414.66099999888684,505.34000000334345,1312.0
1760583580,20,GET,/search?q=incidente,5.700000,0.000000,16,19,25,27,40,43,44,48,48,48,48,809,0,19,58.65690605683799,10.291200000210665,1055.228099998203,24.0
1760583580,20,GET,/search?q=runbook,0.000000,0.000000,0,0,0,0,0,0,0,0,0,0,0,20,0,33,43.572089999724994,25.937300000805408,86.031599999842,24.0
1760583580,20,,Aggregated,5.700000,0.000000,16,19,25,27,40,43,44,48,48,48,48,849,0,20,67.51983215545368,10.291200000210665,1055.228099998203,54.341578327444054
1760583581,20,POST,/auth/login,0.000000,0.000000,0,0,0,0,0,0,0,0,0,0,0,20,0,420.0,449.97293500018714,414.66099999888684,505.34000000334345,1312.0
1760583581,20,GET,/search?q=incidente,5.600000,0.000000,16,18,23,26,40,43,44,48,48,48,48,816,0,19,58.30663014703799,10.291200000210665,1055.228099998203,24.0
1760583581,20,GET,/search?q=runbook,0.000000,0.000000,0,0,0,0,0,0,0,0,0,0,0,20,0,33,43.572089999724994,25.937300000805408,86.031599999842,24.0
1760583581,20,,Aggregated,5.600000,0.000000,16,18,23,26,40,43,44,48,48,48,48,856,0,20,67.11344707941734,10.291200000210665,1055.228099998203,54.09345794392523
1760583582,20,POST,/auth/login,0.000000,0.000000,0,0,0,0,0,0,0,0,0,0,0,20,0,420.0,449.97293500018714,414.66099999888684,505.34000000334345,1312.0
1760583582,20,GET,/search?q=incidente,5.700000,0.000000,15,18,19,26,40,43,44,48,48,48,48,822,0,19,57.988625669083866,10.291200000210665,1055.228099998203,24.0
1760583582,20,GET,/search?q=runbook,0.000000,0.000000,0,0,0,0,0,0,0,0,0,0,0,20,0,33,43.572089999724994,25.937300000805408,86.031599999842,24.0
1760583582,20,,Aggregated,5.700000,0.000000,15,18,19,26,40,43,44,48,48,48,48,862,0,20,66.74889883989,10.291200000210665,1055.228099998203,53.88399071925754
1760583583,20,POST,/auth/login,0.000000,0.000000,0,0,0,0,0,0,0,0,0,0,0,20,0,420.0,449.97293500018714,414.66099999888684,505.34000000334345,1312.0
1760583583,20,GET,/search?q=incidente,5.600000,0.000000,16,18,20,31,42,46,47,48,48,48,48,827,0,19,57.82075731557946,10.291200000210665,1055.228099998203,24.0
1760583583,20,GET,/search?q=runbook,0.000000,0.000000,0,0,0,0,0,0,0,0,0,0,0,20,0,33,43.572089999724994,25.937300000805408,86.031599999842,24.0
1760583583,20,,Aggregated,5.600000,0.000000,16,18,20,31,42,46,47,48,48,48,48,867,0,20,66.53825467126005,10.291200000210665,1055.228099998203,53.7116493656286
1760583584,20,POST,/auth/login,0.000000,0.000000,0,0,0,0,0,0,0,0,0,0,0,20,0,420.0,449.97293500018714,414.66099999888684,505.34000000334345,1312.0
1760583584,20,GET,/search?q=incidente,5.800000,0.000000,15,19,24,31,40,46,47,48,48,48,48,830,0,19,57.667248915647384,10.291200000210665,1055.228099998203,24.0
1760583584,20,GET,/search?q=runbook,0.000000,0.000000,0,0,0,0,0,0,0,0,0,0,0,20,0,33,43.572089999724994,25.937300000805408,86.031599999842,24.0
1760583584,20,,Aggregated,5.800000,0.000000,15,19,24,31,40,46,47,48,48,48,48,870,0,20,66.36174379308686,10.291200000210665,1055.228099998203,53.60919540229885
1760583585,20,POST,/auth/login,0.000000,0.000000,0,0,0,0,0,0,0,0,0,0,0,20,0,420.0,449.97293500018714,414.66099999888684,505.34000000334345,1312.0
1760583585,20,GET,/search?q=incidente,6.000000,0.000000,15,18,20,26,40,46,47,48,48,48,48,834,0,19,57.46141810549635,10.291200000210665,1055.228099998203,24.0
1760583585,20,GET,/search?q=runbook,0.000000,0.000000,0,0,0,0,0,0,0,0,0,0,0,20,0,33,43.572089999724994,25.937300000805408,86.031599999842,24.0
1760583585,20,,Aggregated,6.000000,0.000000,15,18,20,26,40,46,47,48,48,48,48,874,0,20,66.12554141874394,10.291200000210665,1055.228099998203,53.473684210526315
1760583586,20,POST,/auth/login,0.000000,0.000000,0,0,0,0,0,0,0,0,0,0,0,20,0,420.0,449.97293500018714,414.66099999888684,505.34000000334345,1312.0
1760583586,20,GET,/search?q=incidente,5.700000,0.000000,16,19,24,31,40,46,47,48,48,48,48,839,0,19,57.217347199024154,10.291200000210665,1055.228099998203,24.0
1760583586,20,GET,/search?q=runbook,0.000000,0.000000,0,0,0,0,0,0,0,0,0,0,0,20,0,33,43.572089999724994,25.937300000805408,86.031599999842,24.0
1760583586,20,,Aggregated,5.700000,0.000000,16,19,24,31,40,46,47,48,48,48,48,879,0,20,65.84329328780376,10.291200000210665,1055.228099998203,53.30602957906712
1760583587,20,POST,/auth/login,0.000000,0.000000,0,0,0,0,0,0,0,0,0,0,0,20,0,420.0,449.97293500018714,414.66099999888684,505.34000000334345,1312.0
1760583587,20,GET,/search?q=incidente,5.700000,0.000000,15,19,24,31,40,43,47,47,47,47,47,839,0,19,57.217347199024154,10.291200000210665,1055.228099998203,24.0
1760583587,20,GET,/search?q=runbook,0.000000,0.000000,0,0,0,0,0,0,0,0,0,0,0,20,0,33,43.572089999724994,25.937300000805408,86.031599999842,24.0
1760583587,20,,Aggregated,5.700000,0.000000,15,19,24,31,40,43,47,47,47,47,47,879,0,20,65.84329328780376,10.291200000210665,1055.228099998203,53.30602957906712
1760583588,20,POST,/auth/login,0.000000,0.000000,0,0,0,0,0,0,0,0,0,0,0,20,0,420.0,449.97293500018714,414.66099999888684,505.34000000334345,1312.0
1760583588,20,GET,/search?q=incidente,5.400000,0.000000,16,24,32,42,490,500,900,900,900,900,900,847,0,19,60.75615383704788,10.291200000210665,1055.228099998203,24.0
1760583588,20,GET,/search?q=runbook,0.000000,0.000000,0,0,0,0,0,0,0,0,0,0,0,20,0,33,43.572089999724994,25.937300000805408,86.031599999842,24.0
1760583588,20,,Aggregated,5.400000,0.000000,16,24,32,42,490,500,900,900,900,900,900,887,0,20,69.14471567077541,10.291200000210665,1055.228099998203,53.041713641488165
1760583589,20,POST,/auth/login,0.000000,0.000000,0,0,0,0,0,0,0,0,0,0,0,20,0,420.0,449.97293500018714,414.66099999888684,505.34000000334345,1312.0
1760583589,20,GET,/search?q=incidente,5.100000,0.000000,20,31,42,46,490,500,900,900,900,900,900,853,0,19,60.57513001169706,10.291200000210665,1055.228099998203,24.0
1760583589,20,GET,/search?q=runbook,0.000000,0.000000,0,0,0,0,0,0,0,0,0,0,0,20,0,33,43.572089999724994,25.937300000805408,86.031599999842,24.0
1760583589,20,,Aggregated,5.100000,0.000000,20,31,42,46,490,500,900,900,900,900,900,893,0,20,68.91543829784528,10.291200000210665,1055.228099998203,52.84658454647256
1760583590,20,POST,/auth/login,0.000000,0.000000,0,0,0,0,0,0,0,0,0,0,0,20,0,420.0,449.97293500018714,414.66099999888684,505.34000000334345,1312.0
1760583590,20,GET,/search?q=incidente,4.700000,0.000000,18,28,35,46,490,500,900,900,900,900,900,859,0,19,60.29339138530176,10.291200000210665,1055.228099998203,24.0
1760583590,20,GET,/search?q=runbook,0.000000,0.000000,0,0,0,0,0,0,0,0,0,0,0,20,0,33,43.572089999724994,25.937300000805408,86.031599999842,24.0
1760583590,20,,Aggregated,4.700000,0.000000,18,28,35,46,490,500,900,900,900,900,900,899,0,20,68.59057141265012,10.291200000210665,1055.228099998203,52.654060066740826
1760583591,20,POST,/auth/login,0.000000,0.000000,0,0,0,0,0,0,0,0,0,0,0,20,0,420.0,449.97293500018714,414.66099999888684,505.34000000334345,1312.0
1760583591,20,GET,/search?q=incidente,5.100000,0.000000,20,28,39,46,490,500,900,900,900,900,900,863,0,19,60.10477485512384,10.291200000210665,1055.228099998203,24.0
1760583591,20,GET,/search?q=runbook,0.000000,0.000000,0,0,0,0,0,0,0,0,0,0,0,20,0,33,43.572089999724994,25.937300000805408,86.031599999842,24.0
1760583591,20,,Aggregated,5.100000,0.000000,20,28,39,46,490,500,900,900,900,900,900,903,0,20,68.37355614614631,10.291200000210665,1055.228099998203,52.52713178294574
1760583592,20,POST,/auth/login,0.000000,0.000000,0,0,0,0,0,0,0,0,0,0,0,20,0,420.0,449.97293500018714,414.66099999888684,505.34000000334345,1312.0
1760583592,20,GET,/search?q=incidente,5.100000,0.000000,20,28,39,46,500,700,900,900,900,900,900,864,0,19,60.05687361107869,10.291200000210665,1055.228099998203,24.0
1760583592,20,GET,/search?q=runbook,0.000000,0.000000,0,0,0,0,0,0,0,0,0,0,0,20,0,33,43.572089999724994,25.937300000805408,86.031599999842,24.0
1760583592,20,,Aggregated,5.100000,0.000000,20,28,39,46,500,700,900,900,900,900,900,904,0,20,68.31862754421486,10.291200000210665,1055.228099998203,52.49557522123894
1760583593,20,POST,/auth/login,0.000000,0.000000,0,0,0,0,0,0,0,0,0,0,0,20,0,420.0,449.97293500018714,414.66099999888684,505.34000000334345,1312.0
1760583593,20,GET,/search?q=incidente,4.900000,0.000000,19,28,39,53,500,700,940,940,940,940,940,872,0,19,60.93968360088233,10.291200000210665,1055.228099998203,24.0
1760583593,20,GET,/search?q=runbook,0.000000,0.000000,0,0,0,0,0,0,0,0,0,0,0,20,0,33,43.572089999724994,25.937300000805408,86.031599999842,24.0
1760583593,20,,Aggregated,4.900000,0.000000,19,28,39,53,500,700,940,940,940,940,940,912,0,20,69.09024627189434,10.291200000210665,1055.228099998203,52.24561403508772
1760583594,20,POST,/auth/login,0.000000,0.000000,0,0,0,0,0,0,0,0,0,0,0,20,0,420.0,449.97293500018714,414.66099999888684,505.34000000334345,1312.0
1760583594,20,GET,/search?q=incidente,4.800000,0.000000,22,39,64,320,500,700,940,940,940,940,940,875,0,19,61.99089371425465,10.291200000210665,1055.228099998203,24.0
1760583594,20,GET,/search?q=runbook,0.000000,0.000000,0,0,0,0,0,0,0,0,0,0,0,20,0,33,43.572089999724994,25.937300000805408,86.031599999842,24.0
1760583594,20,,Aggregated,4.800000,0.000000,22,39,64,320,500,700,940,940,940,940,940,915,0,20,70.06877868849297,10.291200000210665,1055.228099998203,52.15300546448088
1760583595,20,POST,/auth/login,0.000000,0.000000,0,0,0,0,0,0,0,0,0,0,0,20,0,420.0,449.97293500018714,414.66099999888684,505.34000000334345,1312.0
1760583595,20,GET,/search?q=incidente,4.500000,0.000000,22,35,53,220,500,700,940,940,940,940,940,881,0,19,61.68361498294684,10.291200000210665,1055.228099998203,24.0
1760583595,20,GET,/search?q=runbook,0.000000,0.000000,0,0,0,0,0,0,0,0,0,0,0,20,0,33,43.572089999724994,25.937300000805408,86.031599999842,24.0
1760583595,20,,Aggregated,4.500000,0.000000,22,35,53,220,500,700,940,940,940,940,940,921,0,20,69.72222073830012,10.291200000210665,1055.228099998203,51.96959826275787
1760583596,20,POST,/auth/login,0.000000,0.000000,0,0,0,0,0,0,0,0,0,0,0,20,0,420.0,449.97293500018714,414.66099999888684,505.34000000334345,1312.0
1760583596,20,GET,/search?q=incidente,4.500000,0.000000,22,35,46,220,500,700,940,940,940,940,940,885,0,19,61.501158418055425,10.291200000210665,1055.228099998203,24.0
1760583596,20,GET,/search?q=runbook,0.000000,0.000000,0,0,0,0,0,0,0,0,0,0,0,20,0,33,43.572089999724994,25.937300000805408,86.031599999842,24.0
1760583596,20,,Aggregated,4.500000,0.000000,22,35,46,220,500,700,940,940,940,940,940,925,0,20,69.5128926486241,10.291200000210665,1055.228099998203,51.84864864864865
